tag,frequency,fandom_specific,category
(sort of),2,FALSE,Meta 
1940s,7,FALSE,Meta 
5+1 Things,3,FALSE,Meta 
8th year,2,TRUE,Fandom
Abandoned Work - Unfinished and Discontinued,4,FALSE,Meta 
Absconding with Harry verse,2,TRUE,Fandom
Abuse,9,FALSE,Abuse
Abused Harry,5,TRUE,Fandom
Abused Harry Potter,8,TRUE,Fandom
Abusive Dursley Family,8,TRUE,Fandom
Abusive Dursley Family (Harry Potter),19,TRUE,Fandom
Abusive Lucius Malfoy,2,TRUE,Fandom
Abusive Walburga Black,2,TRUE,Fandom
Accidental Baby Acquisition,2,FALSE,Other
Accidental Bonding,5,FALSE,Romance
Accidental Pregnancy,2,FALSE,Sex
Accidental Voyeurism,5,FALSE,Sex
Acronyms,2,FALSE,Meta 
Action/Adventure,5,FALSE,Action
Addiction,3,FALSE,Substance
Adopted Harry Potter,2,TRUE,Fandom
Adoption,5,FALSE,Family
Adult Hermione Granger,4,TRUE,Fandom
Adventure,8,FALSE,Action
Aftermath of Torture,2,FALSE,Angst
Age Difference,9,FALSE,Romance
Age Regression/De-Aging,4,FALSE,Meta 
Aged-Up Character(s),2,FALSE,Meta 
Albus Dumbledore Bashing,43,TRUE,Fandom
Alchemy,2,FALSE,Magic
Alcohol,6,FALSE,Substance
Alcohol Abuse/Alcoholism,8,FALSE,Substance
Alpha Draco,2,TRUE,Fandom
Alpha Draco Malfoy,6,TRUE,Fandom
Alpha Harry,4,TRUE,Fandom
Alpha Harry Potter,4,TRUE,Fandom
Alpha Percival,2,TRUE,Fandom
Alpha/Beta/Omega Dynamics,19,FALSE,Sex
Alpha/Omega,7,FALSE,Sex
Alternate Hogwarts House Sorting,7,TRUE,Fandom
Alternate Reality,3,FALSE,Alternate Universe
Alternate Timelines,4,FALSE,Alternate Universe
Alternate Universe - Always a Different Sex,2,FALSE,Alternate Universe
Alternate Universe - Boarding School,2,FALSE,Alternate Universe
Alternate Universe - Canon,3,FALSE,Alternate Universe
Alternate Universe - Coffee Shops & Cafes,4,FALSE,Alternate Universe
Alternate Universe - College/University,5,FALSE,Alternate Universe
Alternate Universe - Dark,3,FALSE,Alternate Universe
Alternate Universe - Everyone Lives/Nobody Dies,4,FALSE,Alternate Universe
Alternate Universe - Fusion,2,FALSE,Alternate Universe
Alternate Universe - Gender Changes,3,FALSE,Alternate Universe
Alternate Universe - Harry Potter Setting,5,TRUE,Fandom
Alternate Universe - Hogwarts,4,TRUE,Fandom
Alternate Universe - Magic,4,FALSE,Alternate Universe
Alternate Universe - Mob,3,FALSE,Alternate Universe
Alternate Universe - Modern Setting,13,FALSE,Alternate Universe
Alternate Universe - Modern with Magic,3,FALSE,Alternate Universe
Alternate Universe - Muggle,6,FALSE,Alternate Universe
Alternate Universe - No Voldemort,12,FALSE,Alternate Universe
Alternate Universe - Non-Magical,9,FALSE,Alternate Universe
Alternate Universe - Office,2,FALSE,Alternate Universe
Alternate Universe - Reincarnation,3,FALSE,Alternate Universe
Alternate Universe - Rock Band,2,FALSE,Alternate Universe
Alternate Universe - Royalty,1,FALSE,Alternate Universe
Alternate Universe - Soulmates,35,FALSE,Alternate Universe
Alternate Universe - Time Travel,23,FALSE,Alternate Universe
Alternate Universe - Voldemort Wins,12,FALSE,Alternate Universe
Alternate Universe Travel,2,FALSE,Alternate Universe
alternative universe,3,FALSE,Alternate Universe
Amortentia,3,FALSE,Magic
Amortentia Potion (Harry Potter),2,TRUE,Fandom
Anal Fingering,48,FALSE,Sex
Anal Sex,77,FALSE,Sex
Ancient Runes,2,FALSE,Other
and therapy,2,FALSE,Meta 
Angry Sex,2,FALSE,Sex
Angst,150,FALSE,Angst
Angst and Feels,4,FALSE,Angst
Angst and Fluff and Smut,6,FALSE,Sex
Angst and Humor,11,FALSE,Angst
Angst and Hurt/Comfort,11,FALSE,Angst
Angst and Romance,3,FALSE,Romance
Angst with a Happy Ending,41,FALSE,Angst
Animagus,15,FALSE,Magic
Animagus Harry Potter,10,TRUE,Fandom
Animal Abuse,2,FALSE,Abuse
Animal Death,2,FALSE,Dark
Animal Transformation,2,FALSE,Other
Antagonism,2,FALSE,Dark
Anti-Hero,5,FALSE,Other
Anxiety,4,FALSE,Mental Health
Anxiety Attacks,1,FALSE,Mental Health
Apathetic Harry Potter,2,TRUE,Fandom
Arranged Marriage,6,FALSE,Romance
Art and Fic Collaboration,4,FALSE,Meta 
Asexual Character,3,FALSE,Sex
Asexual Charlie Weasley,2,TRUE,Fandom
Asexual Tom Riddle,3,TRUE,Fandom
Attempt at Humor,2,FALSE,Fluff
Attempted Murder,2,FALSE,Dark
Attempted Sexual Assault,3,FALSE,Sex
AU,19,FALSE,Alternate Universe
Auror Draco Malfoy,7,TRUE,Fandom
Auror Harry,5,TRUE,Fandom
Auror Harry Potter,20,TRUE,Fandom
Auror Hermione Granger,3,TRUE,Fandom
Auror Partners,8,TRUE,Fandom
Auror Ron Weasley,2,TRUE,Fandom
Auror Training,3,TRUE,Fandom
auror!Harry,2,TRUE,Fandom
Aurors,8,TRUE,Fandom
Avengers Family,2,TRUE,Fandom
Avengers Tower,3,TRUE,Fandom
Awkward Crush,2,FALSE,Romance
Awkward First Times,3,FALSE,Sex
Awkward Flirting,2,FALSE,Romance
Awkward Romance,3,FALSE,Romance
Awkwardness,2,FALSE,Fluff
Azkaban,7,TRUE,Fandom
Baby Harry,3,TRUE,Fandom
Babysitting,2,FALSE,Other
Background Relationships,4,FALSE,Romance
Background Wolfstar,2,TRUE,Fandom
Bad Albus Dumbledore,3,TRUE,Fandom
Bad Decisions,3,FALSE,Angst
Bad Dumbledore,6,TRUE,Fandom
Bad Parenting,2,FALSE,Family
BAMF Draco Malfoy,4,TRUE,Fandom
BAMF Harry,5,TRUE,Fandom
BAMF Harry Potter,38,TRUE,Fandom
BAMF Hermione Granger,12,TRUE,Fandom
BAMF Lily Evans Potter,3,TRUE,Fandom
BAMF Loki (Marvel),2,TRUE,Fandom
BAMF Luna Lovegood,2,TRUE,Fandom
BAMF Neville Longbottom,5,TRUE,Fandom
BAMF Newt Scamander,2,TRUE,Fandom
BAMF Regulus Black,2,TRUE,Fandom
BAMF Susan Bones,2,TRUE,Fandom
BAMF Tony Stark,5,TRUE,Fandom
BAMF Women,2,FALSE,Other
BAMF!Newt,2,TRUE,Fandom
Band Fic,3,FALSE,Meta 
Banter,20,FALSE,Fluff
Bars and Pubs,7,FALSE,Meta 
Basilisks,3,TRUE,Fandom
BDSM,8,FALSE,Sex
beastiality,2,FALSE,Sex
bed sharing,2,FALSE,Fluff
Bella Swan Bashing,2,TRUE,Fandom
Best Friends,2,FALSE,Family
Betrayal,5,FALSE,Angst
Bets & Wagers,4,FALSE,Meta 
beware the non-linear narrative,3,FALSE,Meta 
Bickering,3,FALSE,Fluff
Bickering and Banter,2,FALSE,Fluff
Big Brother Draco,2,TRUE,Fandom
Bigotry & Prejudice,8,FALSE,Dark
Bisexual Draco Malfoy,2,TRUE,Fandom
Bisexual Harry Potter,14,TRUE,Fandom
Bisexual James Potter,5,TRUE,Fandom
Bisexual Remus Lupin,3,TRUE,Fandom
Bisexual Tony Stark,2,TRUE,Fandom
Bisexuality,3,FALSE,Sex
Biting,6,FALSE,Sex
black brothers angst,2,TRUE,Fandom
Black Family (Harry Potter) - Freeform,2,TRUE,Fandom
Black Family Feels (Harry Potter),2,TRUE,Fandom
Black Family-centric (Harry Potter),2,TRUE,Fandom
Black Hermione Granger,3,TRUE,Fandom
Blackmail,3,FALSE,Dark
Blindness,2,FALSE,Other
Blood,4,FALSE,Dark
Blood and Gore,4,FALSE,Dark
Blood and Injury,6,FALSE,Dark
Blood and Torture,2,FALSE,Dark
Blood and Violence,7,FALSE,Dark
Blood Kink,2,FALSE,Sex
Blood Magic,8,FALSE,Magic
Blow Jobs,31,FALSE,Sex
Blowjobs,6,FALSE,Sex
Boarding School,3,FALSE,Meta 
Boggarts,2,TRUE,Fandom
Bondage,4,FALSE,Sex
Bonding,10,FALSE,Romance
Book 1: Harry Potter and the Philosopher's Stone,8,TRUE,Fandom
Book 2: Harry Potter and the Chamber of Secrets,5,TRUE,Fandom
Book 3: Harry Potter and the Prisoner of Azkaban,6,TRUE,Fandom
Book 4: Harry Potter and the Goblet of Fire,12,TRUE,Fandom
Book 5: Harry Potter and the Order of the Phoenix,10,TRUE,Fandom
Book 6: Harry Potter and the Half-Blood Prince,3,TRUE,Fandom
Book 7: Harry Potter and the Deathly Hallows,3,TRUE,Fandom
Bottom Draco,27,TRUE,Fandom
Bottom Draco Malfoy,9,TRUE,Fandom
Bottom Harry,9,TRUE,Fandom
Bottom Harry Potter,11,TRUE,Fandom
Bottom Lucius Malfoy,2,TRUE,Fandom
Bottom Newt,2,TRUE,Fandom
Bottom Severus Snape,5,TRUE,Fandom
Bottom Tom Riddle,2,TRUE,Fandom
bottom!Draco,3,TRUE,Fandom
Boy-Who-Lived Neville Longbottom,2,TRUE,Fandom
Boys In Love,2,FALSE,Romance
brief mentions of sexual slavery,2,FALSE,Sex
Britpicked,2,FALSE,Meta 
Bucky Barnes Needs a Hug,2,TRUE,Fandom
Bucky Barnes Recovering,2,TRUE,Fandom
Bullying,10,FALSE,Dark
But also,3,FALSE,Meta 
but like,3,FALSE,Meta 
but not really,2,FALSE,Meta 
Canon Compliant,10,FALSE,Canon
Canon Death,2,FALSE,Canon
Canon Divergence,2,FALSE,Canon
Canon Divergence - Post-Harry Potter and the Order of the Phoenix,2,TRUE,Fandom
Canon Related,2,FALSE,Canon
Canon Rewrite,8,FALSE,Canon
Canon Typical Violence,2,FALSE,Canon
Canon-Typical Violence,30,FALSE,Canon
Canonical Character Death,11,FALSE,Canon
Canonical Child Abuse,11,FALSE,Canon
Captivity,2,FALSE,Angst
Care of Magical Creatures,2,FALSE,Magic
Case Fic,2,FALSE,Meta 
Cats,3,FALSE,Other
Chamber of Secrets,2,TRUE,Fandom
Chaos,2,FALSE,Angst
Chaotic Neutral Harry Potter,2,TRUE,Fandom
Character Bashing,6,FALSE,Meta 
Character Death,21,FALSE,Dark
Character Study,10,FALSE,Meta 
Chemistry,2,FALSE,Romance
Child Abuse,24,FALSE,Abuse
Child Gellert Grindelwald,2,TRUE,Fandom
Child Harry Potter,3,TRUE,Fandom
Child Neglect,4,FALSE,Abuse
Child Tom Riddle,2,TRUE,Fandom
Childhood Friends,2,FALSE,Family
Childhood Trauma,4,FALSE,Abuse
Chinese Translation Available,2,FALSE,Meta 
Choking,5,FALSE,Sex
Christmas,8,FALSE,Other
Christmas Fluff,2,FALSE,Fluff
Chronic Illness,3,FALSE,Mental Health
Cinnamon Roll Harry Potter,2,TRUE,Fandom
Civil War Team Iron Man,3,TRUE,Fandom
Clubbing,5,FALSE,Other
Co-workers,9,FALSE,Other
Cock Warming,3,FALSE,Sex
Code: white,2,FALSE,Meta 
Coffee Shops,2,FALSE,Other
Come Eating,2,FALSE,Sex
Comedy,3,FALSE,Fluff
Comedy of Errors,3,FALSE,Fluff
Comeplay,2,FALSE,Sex
Comfort,2,FALSE,Angst
Coming of Age,3,FALSE,Angst
Coming Out,18,FALSE,Romance
Community: hd_erised,19,FALSE,Meta 
Community: hd_holidays,3,FALSE,Meta 
Companionable Snark,2,FALSE,Fluff
competent adults,2,FALSE,Other
Complete,14,FALSE,Meta 
complete fic,2,FALSE,Meta 
Confessions,1,FALSE,Romance
Confusion,3,FALSE,Mental Health
Consensual But Not Safe Or Sane,2,FALSE,Sex
Consensual Underage Sex,3,FALSE,Sex
Consent,2,FALSE,Sex
Consent Issues,3,FALSE,Sex
Consorts - Freeform,2,FALSE,Magic
Cooking,3,FALSE,Other
courting,2,FALSE,Romance
Courting Rituals,3,FALSE,Romance
Courtroom Drama,2,FALSE,Meta 
Courtship,11,FALSE,Romance
Crack,18,FALSE,Substance
crack adjacent,2,FALSE,Substance
Creature Draco Malfoy,2,TRUE,Fandom
Creature Fic,13,FALSE,Magic
Creature Harry,2,TRUE,Fandom
Creature Harry Potter,11,TRUE,Fandom
Creature Inheritance,12,FALSE,Magic
Creature Severus Snape,2,TRUE,Fandom
Cross-Posted on FanFiction.Net,2,FALSE,Meta 
Crossdressing,4,FALSE,Other
Crossover,22,FALSE,Alternate Universe
Crossover Pairings,5,FALSE,Alternate Universe
Crossovers & Fandom Fusions,6,FALSE,Alternate Universe
Crowley as Raphael,2,TRUE,Fandom
Cruelty,2,FALSE,Dark
Cuddling & Snuggling,8,FALSE,Romance
Cunnilingus,2,FALSE,Sex
Curse Breaker Draco Malfoy,2,TRUE,Fandom
Curses,2,FALSE,Magic
Cutting (as part of rituals),2,FALSE,Mental Health
D/s,2,FALSE,Sex
Daddy Issues,2,FALSE,Mental Health
Daddy Kink,3,FALSE,Sex
Dancing,2,FALSE,Other
Dark,8,FALSE,Dark
Dark Arts,4,FALSE,Dark
Dark Fred Weasley & George Weasley,2,TRUE,Fandom
Dark Harry,20,TRUE,Fandom
Dark Harry Potter,28,TRUE,Fandom
Dark Hermione Granger,5,TRUE,Fandom
Dark Lord Harry Potter,4,TRUE,Fandom
Dark Magic,23,FALSE,Dark
Dark Mark,2,FALSE,Dark
Dark Ron Weasley,2,TRUE,Fandom
Dark Trio,3,TRUE,Fandom
Dark!Harry,4,TRUE,Fandom
Dating,4,FALSE,Romance
Dazai-Typical Suicide Mentions (Bungou Stray Dogs),2,TRUE,Fandom
Dead Dove: Do Not Eat,4,FALSE,Meta 
Deaf Character,2,FALSE,Other
Death,6,FALSE,Dark
Death Eater Draco Malfoy,3,TRUE,Fandom
Death Eaters,10,TRUE,Fandom
Deathly Hallows AU,2,TRUE,Fandom
Defense Against the Dark Arts Professor Harry Potter,2,TRUE,Fandom
Dementors,2,TRUE,Fandom
Demigod Harry Potter,2,TRUE,Fandom
Demons,2,FALSE,Dark
Denial,2,FALSE,Angst
Denial of Feelings,5,FALSE,Angst
Depression,12,FALSE,Mental Health
Desi Harry Potter,2,TRUE,Fandom
Desi James Potter,2,TRUE,Fandom
Desk Sex,4,FALSE,Sex
Developing Relationship,6,FALSE,Romance
Diagon Alley,2,TRUE,Fandom
Didn't Know They Were Dating,2,FALSE,Meta 
Digital Art,10,FALSE,Meta 
Digital Painting,4,FALSE,Meta 
Dildos,2,FALSE,Sex
Dimension Travel,16,FALSE,Alternate Universe
Dirty Talk,19,FALSE,Sex
Disability,4,FALSE,Other
Dissociation,3,FALSE,Mental Health
Divination,3,FALSE,Magic
do not copy story to another website,3,FALSE,Meta 
do not copy to another site,9,FALSE,Meta 
Do not repost,11,FALSE,Meta 
Do-Over,7,FALSE,Alternate Universe
Dobby (Harry Potter) Lives,2,TRUE,Fandom
Dogs,2,FALSE,Other
Dom Draco,2,TRUE,Fandom
Dom Draco Malfoy,3,TRUE,Fandom
Dom Harry,3,TRUE,Fandom
Dom Harry Potter,4,TRUE,Fandom
Dom Tom Riddle,2,TRUE,Fandom
Dom/sub,12,FALSE,Sex
Dom/sub Play,2,FALSE,Sex
Dom/sub Undertones,6,FALSE,Sex
Domestic,5,FALSE,Family
Domestic Avengers,3,TRUE,Fandom
Domestic Fluff,18,FALSE,Fluff
Domestic Violence,3,FALSE,Abuse
Domesticity,3,FALSE,Fluff
Don't copy to another site,62,FALSE,Meta 
Don't post to other sites or apps,2,FALSE,Meta 
Dorks in Love,2,FALSE,Romance
dorlene,2,TRUE,Fandom
Down and Out Draco Malfoy,2,TRUE,Fandom
Draco & Harry Friendship,2,TRUE,Fandom
Draco Malfoy & Harry Potter Friendship,9,TRUE,Fandom
Draco Malfoy & Pansy Parkinson Friendship,2,TRUE,Fandom
Draco Malfoy in the Muggle World,6,TRUE,Fandom
Draco Malfoy is Bad at Feelings,2,TRUE,Fandom
Draco Malfoy is Clueless About Muggle Things,2,TRUE,Fandom
Draco Malfoy Needs a Hug,7,TRUE,Fandom
Draco Malfoy-centric,2,TRUE,Fandom
Dragons,4,FALSE,Magic
Drama,35,FALSE,Angst
dramione - Freeform,3,TRUE,Fandom
Drarry,8,TRUE,Fandom
Dreams and Nightmares,3,FALSE,Mental Health
Drinking,8,FALSE,Substance
Drinking Games,2,FALSE,Other
Drug Abuse,2,FALSE,Substance
Drug Addiction,2,FALSE,Substance
Drugs,2,FALSE,Substance
Drunken Confessions,2,FALSE,Substance
Drunken Shenanigans,2,FALSE,Fluff
Drunkenness,4,FALSE,Substance
Dubious Consent,19,FALSE,Sex
Dubious Morality,3,FALSE,Meta 
Duelling,5,FALSE,Action
Dumbledore Bashing,30,TRUE,Fandom
Dysfunctional Family,4,FALSE,Family
Eating Disorder Not Otherwise Specified,3,FALSE,Mental Health
Eating Disorders,4,FALSE,Mental Health
Edgeplay,2,FALSE,Sex
eighth year,2,TRUE,Fandom
Elder Wand (Harry Potter),2,TRUE,Fandom
Elemental Magic,3,FALSE,Magic
Emotional Hurt/Comfort,17,FALSE,Angst
Emotional Manipulation,11,FALSE,Abuse
Emotional Sex,3,FALSE,Sex
Emotional/Psychological Abuse,6,FALSE,Abuse
Endgame Jegulus,2,TRUE,Fandom
Enemies to Friends,3,FALSE,Family
Enemies to Friends to Lovers,27,FALSE,Romance
Enemies to Lovers,39,FALSE,Romance
Ensemble Cast,2,FALSE,Meta 
Enthusiastic Consent,5,FALSE,Sex
Epic,2,FALSE,Action
Epic Friendship,2,FALSE,Family
Epilogue What Epilogue,2,FALSE,Meta 
Espionage,4,FALSE,Action
Established Relationship,23,FALSE,Romance
Eventual Fluff,2,FALSE,Fluff
Eventual Happy Ending,12,FALSE,Fluff
Eventual Relationships,5,FALSE,Romance
Eventual Romance,23,FALSE,Romance
Eventual Sex,4,FALSE,Sex
Eventual Smut,29,FALSE,Sex
eventually,5,FALSE,Meta 
Everyone Is Gay,3,FALSE,Meta 
Evil Albus Dumbledore,4,TRUE,Fandom
Evil Dumbledore,2,TRUE,Fandom
Evil Voldemort (Harry Potter),4,TRUE,Fandom
EWE,8,FALSE,Alternate Universe
Exhibitionism,3,FALSE,Sex
Explicit Language,21,FALSE,Meta 
Explicit Sexual Content,57,FALSE,Sex
Extremely Dubious Consent,2,FALSE,Sex
Facials,3,FALSE,Other
Fairy Tale Elements,2,FALSE,Magic
Fake/Pretend Relationship,16,FALSE,Romance
Falling In Love,34,FALSE,Romance
Fame,3,FALSE,Other
Familiars,3,FALSE,Other
Families of Choice,11,FALSE,Family
Family Drama,7,FALSE,Family
Family Secrets,2,FALSE,Family
Fanart,3,FALSE,Meta 
Fate & Destiny,2,FALSE,Romance
Father-Son Relationship,4,FALSE,Family
Fatherhood,2,FALSE,Family
Feelings,3,FALSE,Romance
Feelings Realization,2,FALSE,Romance
Feels,4,FALSE,Angst
Felching,2,FALSE,Sex
Fem!Harry,2,TRUE,Fandom
Female Friendship,3,FALSE,Family
Female Harry,2,TRUE,Fandom
Female Harry Potter,24,TRUE,Fandom
Fingerfucking,2,FALSE,Sex
First Dates,2,FALSE,Romance
First Kiss,18,FALSE,Romance
First Kisses,2,FALSE,Romance
First Love,3,FALSE,Romance
First Time,47,FALSE,Sex
First Time Blow Jobs,3,FALSE,Sex
First Times,4,FALSE,Romance
First War with Voldemort,10,TRUE,Fandom
Fix-It,20,FALSE,Alternate Universe
Fix-It of Sorts,14,FALSE,Alternate Universe
flangst,6,FALSE,Angst
Flashbacks,4,FALSE,Meta 
Flirting,16,FALSE,Romance
Fluff,147,FALSE,Fluff
Fluff and Angst,49,FALSE,Fluff
Fluff and Crack,11,FALSE,Fluff
Fluff and Humor,22,FALSE,Fluff
Fluff and Hurt/Comfort,4,FALSE,Fluff
Fluff and Smut,22,FALSE,Sex
Food Issues,2,FALSE,Mental Health
Forbidden Love,3,FALSE,Romance
forced bed sharing,2,FALSE,Fluff
Forced Bonding,5,FALSE,Romance
Forced Marriage,7,FALSE,Angst
Forced Orgasm,3,FALSE,Sex
Forced Proximity,11,FALSE,Angst
Forgiveness,3,FALSE,Romance
Foursome - F/F/F/M,2,FALSE,Sex
Fred Weasley Lives,6,TRUE,Fandom
Friends to Lovers,33,FALSE,Romance
Friends With Benefits,5,FALSE,Family
Friendship/Love,3,FALSE,Romance
Frottage,15,FALSE,Sex
Frotting,3,FALSE,Sex
Fuck Buddies to Lovers,2,FALSE,Romance
Fuckbuddies,2,FALSE,Sex
Funny,2,FALSE,Fluff
Future Fic,1,FALSE,Alternate Universe
Gaslighting,2,FALSE,Abuse
Gay Harry Potter,2,TRUE,Fandom
Gay Regulus Black,7,TRUE,Fandom
Gay Sirius Black,5,TRUE,Fandom
Gender Dysphoria,2,FALSE,Mental Health
Get Together,6,FALSE,Romance
getting drunk,4,FALSE,Substance
Getting to Know Each Other,4,FALSE,Romance
Getting Together,25,FALSE,Romance
GFY,2,FALSE,Romance
Ghosts,4,FALSE,Magic
Gift Fic,2,FALSE,Meta 
Gift Giving,2,FALSE,Other
Ginny Weasley Bashing,14,TRUE,Fandom
Girl-Who-Lived (Harry Potter),2,TRUE,Fandom
Goblet of Fire AU,3,TRUE,Fandom
Goblins,9,TRUE,Fandom
Godfather Sirius Black,3,TRUE,Fandom
Godlike Harry Potter,2,TRUE,Fandom
Golden Trio,3,TRUE,Fandom
Good Albus Dumbledore,3,TRUE,Fandom
Good Dark Side,3,FALSE,Dark
Good Draco Malfoy,11,TRUE,Fandom
Good Dudley Dursley,2,TRUE,Fandom
Good Loki (Marvel),2,TRUE,Fandom
Good Lucius Malfoy,2,TRUE,Fandom
Good Malfoy Family,4,TRUE,Fandom
Good Malfoy Family (Harry Potter),5,TRUE,Fandom
Good Narcissa Black Malfoy,4,TRUE,Fandom
Good Peter Pettigrew,2,TRUE,Fandom
Good Regulus Black,3,TRUE,Fandom
Good Severus Snape,36,TRUE,Fandom
Good Slytherins,22,TRUE,Fandom
Good Tom Riddle,7,TRUE,Fandom
Good Voldemort,4,TRUE,Fandom
Gore,4,FALSE,Dark
Graphic Description,2,FALSE,Meta 
Gratuitous Smut,4,FALSE,Sex
Gray Harry,6,TRUE,Fandom
Gray Harry Potter,2,TRUE,Fandom
Grey Harry,7,TRUE,Fandom
Grey Harry Potter,6,TRUE,Fandom
grey!Harry,2,TRUE,Fandom
Grief,3,FALSE,Mental Health
Grief/Mourning,10,FALSE,Mental Health
Grimmauld Place,8,FALSE,Canon
Gringotts Wizarding Bank,7,TRUE,Fandom
Growing Up,2,FALSE,Angst
Growth,2,FALSE,Mental Health
Gryffindor,2,TRUE,Fandom
Gryffindor Draco Malfoy,3,TRUE,Fandom
Gryffindor Harry Potter,3,TRUE,Fandom
Gryffindor/Slytherin Inter-House Relationships,4,TRUE,Fandom
H/D Career Fair 2017,2,TRUE,Fandom
H/D Erised 2018,4,TRUE,Fandom
Halloween,2,FALSE,Other
Hallucinations,4,FALSE,Mental Health
Hand Jobs,20,FALSE,Sex
handjobs,4,FALSE,Sex
Happy,2,FALSE,Fluff
Happy Ending,42,FALSE,Fluff
happy endings,2,FALSE,Fluff
Harems,3,FALSE,Romance
Harry is a Little Shit,8,TRUE,Fandom
Harry is Lord Black,2,TRUE,Fandom
Harry is Lord Potter,3,TRUE,Fandom
Harry living his own life,2,TRUE,Fandom
Harry Needs a Hug,9,TRUE,Fandom
Harry Potter - Freeform,2,TRUE,Fandom
Harry Potter & Ron Weasley Friendship,2,TRUE,Fandom
Harry Potter & Tom Riddle Attend Hogwarts Together,6,TRUE,Fandom
Harry Potter & Tom Riddle Grow Up Together,3,TRUE,Fandom
Harry Potter Epilogue What Epilogue | EWE,60,TRUE,Fandom
Harry Potter Gets the Love He Deserves,2,TRUE,Fandom
Harry Potter Has a Pet Snake,7,TRUE,Fandom
Harry Potter Has a Saving People Thing,3,TRUE,Fandom
Harry Potter Has a Twin,5,TRUE,Fandom
Harry Potter Has Issues,2,TRUE,Fandom
Harry Potter Has PTSD,4,TRUE,Fandom
Harry Potter Has PTSD - Post-Traumatic Stress Disorder,3,TRUE,Fandom
Harry Potter is a Horcrux,23,TRUE,Fandom
Harry Potter is a Little Shit,16,TRUE,Fandom
Harry Potter is Bad at Feelings,9,TRUE,Fandom
Harry Potter is Loki (Marvel)'s Child,2,TRUE,Fandom
Harry Potter is Lord Black,2,TRUE,Fandom
Harry Potter is Lord Peverell,7,TRUE,Fandom
Harry Potter is Lord Potter,5,TRUE,Fandom
Harry Potter is Lord Slytherin,3,TRUE,Fandom
Harry Potter is Not the Boy-Who-Lived,6,TRUE,Fandom
Harry Potter is Salazar Slytherin,2,TRUE,Fandom
Harry Potter is So Done,10,TRUE,Fandom
Harry Potter is the Heir to the House of Black,3,TRUE,Fandom
Harry Potter is Tony Stark's Child,3,TRUE,Fandom
Harry Potter Needs a Hug,12,TRUE,Fandom
Harry Potter Next Generation,3,TRUE,Fandom
Harry Potter Raises Himself,2,TRUE,Fandom
Harry Potter Raises Teddy Lupin,2,TRUE,Fandom
Harry Potter was Adopted by Other(s),3,TRUE,Fandom
Harry Potter was Raised by Other(s),15,TRUE,Fandom
Harry Potter was Raised by Remus Lupin and Sirius Black,2,TRUE,Fandom
Harry Potter was Raised by Sirius Black,2,TRUE,Fandom
Harry Potter-centric,3,TRUE,Fandom
Harrymort - Freeform,3,TRUE,Fandom
Hate to Love,1,FALSE,Romance
HEA,12,FALSE,Fluff
Head Boy Draco Malfoy,5,TRUE,Fandom
Head Girl Hermione Granger,7,TRUE,Fandom
Headmistress Minerva McGonagall,2,TRUE,Fandom
Healer Draco Malfoy,8,TRUE,Fandom
Healer Harry Potter,2,TRUE,Fandom
Healer Hermione Granger,7,TRUE,Fandom
Healthy Relationships,2,FALSE,Romance
Heavy Angst,5,FALSE,Angst
Height Differences,3,FALSE,Other
Heir of Slytherin Harry Potter,4,TRUE,Fandom
hermione granger - Freeform,2,TRUE,Fandom
Hermione Granger & Draco Malfoy Friendship,3,TRUE,Fandom
Hermione Granger & Harry Potter Friendship,5,TRUE,Fandom
Hermione Granger Bashing,26,TRUE,Fandom
Hermione Granger is a Good Friend,4,TRUE,Fandom
Het,2,FALSE,Romance
Heterosexual Sex,2,FALSE,Sex
Heterosexuality,2,FALSE,Sex
Hijinks & Shenanigans,2,FALSE,Fluff
hints of PTSD,2,FALSE,Mental Health
Hogwarts,17,TRUE,Fandom
Hogwarts Eighth Year,94,TRUE,Fandom
Hogwarts Era,14,TRUE,Fandom
Hogwarts Fifth Year,10,TRUE,Fandom
Hogwarts First Year,11,TRUE,Fandom
Hogwarts Fourth Year,8,TRUE,Fandom
Hogwarts Head Boys & Head Girls,4,TRUE,Fandom
Hogwarts Inter-House Friendships,2,TRUE,Fandom
Hogwarts Second Year,5,TRUE,Fandom
Hogwarts Seventh Year,8,TRUE,Fandom
Hogwarts Sixth Year,12,TRUE,Fandom
Hogwarts Third Year,7,TRUE,Fandom
Homeless Harry Potter,2,TRUE,Fandom
Homelessness,2,FALSE,Angst
Homophobia,5,FALSE,Dark
Homophobic Language,2,FALSE,Meta 
Homophobic Slurs,3,FALSE,Dark
Homosexuality,5,FALSE,Sex
Horcrux Hunting,11,TRUE,Fandom
Horcruxes,29,TRUE,Fandom
Horror,6,FALSE,Dark
Hospital,2,FALSE,Angst
House Elves,5,TRUE,Fandom
House magic,4,FALSE,Magic
How Do I Tag,2,FALSE,Meta 
HP: EWE,43,FALSE,Alternate Universe
Hufflepuff Harry,2,TRUE,Fandom
Hufflepuff Harry Potter,4,TRUE,Fandom
Humour,12,FALSE,Fluff
hung harry,3,TRUE,Fandom
Hung Harry Potter,3,TRUE,Fandom
Hung!Harry,2,TRUE,Fandom
Hurt Draco Malfoy,3,TRUE,Fandom
Hurt Harry Potter,2,TRUE,Fandom
Hurt/Comfort,89,FALSE,Angst
I Can't Believe I Wrote This,2,FALSE,Meta 
I Don't Even Know,2,FALSE,Meta 
I promise,2,FALSE,Meta 
I Wrote This Instead of Sleeping,2,FALSE,Meta 
I'm Bad At Tagging,3,FALSE,Meta 
Identity Issues,2,FALSE,Angst
Identity Porn,3,FALSE,Sex
idiots to lovers,5,FALSE,Romance
Illustrated,2,FALSE,Meta 
Illustrations,2,FALSE,Meta 
Immortal Harry,3,TRUE,Fandom
Implied Mpreg,4,FALSE,Sex
Implied Relationships,2,FALSE,Romance
Implied/Referenced Abuse,3,FALSE,Abuse
Implied/Referenced Alcohol Abuse/Alcoholism,3,FALSE,Substance
Implied/Referenced Character Death,4,FALSE,Dark
Implied/Referenced Child Abuse,72,FALSE,Abuse
Implied/Referenced Domestic Violence,2,FALSE,Abuse
Implied/Referenced Homophobia,3,FALSE,Dark
Implied/Referenced Rape/Non-con,11,FALSE,Abuse
Implied/Referenced Self-Harm,3,FALSE,Mental Health
Implied/Referenced Sexual Assault,3,FALSE,Sex
Implied/Referenced Suicide,10,FALSE,Mental Health
Implied/Referenced Torture,3,FALSE,Abuse
Imprisonment,2,FALSE,Angst
In Character,2,FALSE,Meta 
In later chapters - Freeform,2,FALSE,Meta 
Inappropriate Use of Malfoy Signet Ring,2,TRUE,Fandom
Independent Harry,5,TRUE,Fandom
Independent Harry Potter,4,TRUE,Fandom
Indian Harry Potter,5,TRUE,Fandom
Infidelity,5,FALSE,Sex
Injury,2,FALSE,Dark
Innocent Newt,2,TRUE,Fandom
Insanity,3,FALSE,Mental Health
Insomnia,4,FALSE,Mental Health
Inspired by Fanart,3,FALSE,Meta 
Intelligent Harry,2,TRUE,Fandom
Inter-House Friendships,3,FALSE,Family
Inter-House Unity,2,FALSE,Family
Intercrural Sex,4,FALSE,Sex
Intergluteal Sex,4,FALSE,Sex
Internal Conflict,2,FALSE,Mental Health
Internalized Homophobia,5,FALSE,Mental Health
Intimacy,2,FALSE,Romance
Introspection,2,FALSE,Mental Health
Invisibility Cloak (Harry Potter),4,TRUE,Fandom
Isekai,2,TRUE,Fandom
It Gets Worse Before It Gets Better,4,FALSE,Angst
James Potter & Lily Evans Potter Live,4,TRUE,Fandom
James Potter Bashing,5,TRUE,Fandom
James Potter Being an Asshole,2,TRUE,Fandom
James Potter is a Good Friend,2,TRUE,Fandom
James Potter Lives,7,TRUE,Fandom
james potter pov,2,TRUE,Fandom
Jealous Draco Malfoy,5,TRUE,Fandom
Jealous Harry Potter,2,TRUE,Fandom
Jegulus,4,TRUE,Fandom
jily,4,FALSE,Meta 
John is a wizard,3,TRUE,Fandom
Kid Fic,14,FALSE,Meta 
Kid Harry,2,TRUE,Fandom
Kidnapped Harry Potter,2,TRUE,Fandom
Kidnapping,4,FALSE,Action
Kind Harry Potter,2,TRUE,Fandom
kind of,6,FALSE,Meta 
Kink Negotiation,2,FALSE,Sex
Kissing,14,FALSE,Romance
Kneazles,3,TRUE,Fandom
Knights of Walpurgis,6,TRUE,Fandom
Knights of Walpurgis (Harry Potter),3,TRUE,Fandom
Knockturn Alley,3,TRUE,Fandom
Knotting,18,FALSE,Sex
Korean Translation,2,FALSE,Meta 
Lack of Communication,2,FALSE,Angst
Lactation Kink,3,FALSE,Sex
Language,2,FALSE,Meta 
Legilimency,6,FALSE,Magic
Legilimency (Harry Potter),3,TRUE,Fandom
Lemon,2,FALSE,Sex
Lesbian Marlene McKinnon,2,TRUE,Fandom
LGBTQ Themes,2,FALSE,Other
Lies,2,FALSE,Angst
Light Angst,9,FALSE,Angst
light bashing,2,FALSE,Meta 
Light BDSM,6,FALSE,Sex
Light Bondage,6,FALSE,Sex
Light Dom/sub,11,FALSE,Sex
light!harry,2,TRUE,Fandom
Lily Evans Potter & Severus Snape Friendship,8,TRUE,Fandom
Lily Evans Potter Bashing,3,TRUE,Fandom
Lily Evans Potter Lives,5,TRUE,Fandom
LITERALLY,2,FALSE,Meta 
Living Together,2,FALSE,Romance
Long Hair,2,FALSE,Other
Loss of Virginity,15,FALSE,Sex
Love,5,FALSE,Romance
Love Confessions,5,FALSE,Romance
Love Potion/Spell,4,FALSE,Romance
love potions,3,FALSE,Romance
Love/Hate,2,FALSE,Romance
Lovers to Friends,2,FALSE,Romance
Loyalty,4,FALSE,Family
Luna Lovegood is a Good Friend,2,TRUE,Fandom
Magic,9,FALSE,Magic
Magic Theory,2,FALSE,Magic
Magical Accidents,6,FALSE,Magic
Magical Bond,2,FALSE,Magic
Magical Creatures,3,FALSE,Magic
Magical Realism,3,FALSE,Magic
Magical Sex Toys,2,FALSE,Sex
Magical Tattoos,3,FALSE,Magic
Magical Theory,10,FALSE,Magic
Magical Theory (Harry Potter),11,TRUE,Fandom
magical!BAMF!John,2,TRUE,Fandom
Magically Powerful Harry Potter,42,TRUE,Fandom
Major Character Injury,3,FALSE,Dark
Major Original Character(s),2,FALSE,Meta 
Male Friendship,2,FALSE,Family
Male Lactation,3,FALSE,Sex
Male Slash,4,FALSE,Romance
Male-Female Friendship,2,FALSE,Family
Malfoy Manor,3,TRUE,Fandom
Manipulation,11,FALSE,Dark
Manipulative Albus Dumbledore,46,TRUE,Fandom
Manipulative Dumbledore,18,TRUE,Fandom
Manipulative Tom Riddle,11,TRUE,Fandom
Marauders,17,TRUE,Fandom
Marauders AU,2,TRUE,Fandom
Marauders era,2,TRUE,Fandom
Marauders Era (Harry Potter),24,TRUE,Fandom
Marauders Friendship,2,TRUE,Fandom
Marauders Friendship (Harry Potter),3,TRUE,Fandom
Marauders' Era,15,TRUE,Fandom
Marking,2,FALSE,Romance
Marriage Contracts,2,FALSE,Romance
marriage law,3,FALSE,Other
Marriage of Convenience,2,FALSE,Romance
Marriage Proposal,4,FALSE,Romance
Married Harrymort,2,TRUE,Fandom
Master of Death,4,FALSE,Dark
Master of Death (Harry Potter),7,TRUE,Fandom
Master of Death Harry,2,TRUE,Fandom
Master of Death Harry Potter,62,TRUE,Fandom
Masturbation,19,FALSE,Sex
Masturbation in Shower,2,FALSE,Sex
Matchmaking,5,FALSE,Romance
Mates,6,FALSE,Romance
Mating,1,FALSE,Romance
Mating Bites,2,FALSE,Romance
Mating Cycles/In Heat,8,FALSE,Romance
Maybe - Freeform,5,FALSE,Meta 
Melodrama,2,FALSE,Angst
Memory Loss,5,FALSE,Angst
Mental Health Issues,17,FALSE,Mental Health
mentions of abuse,4,FALSE,Abuse
mentions of child abuse,2,FALSE,Abuse
mentions of mpreg,2,FALSE,Sex
Mentions of past abuse,4,FALSE,Abuse
Mentor Severus Snape,20,TRUE,Fandom
Mentor Tom Riddle,2,TRUE,Fandom
Mentor/Protege,2,FALSE,Family
Mentors,2,FALSE,Family
Metamorphmagus Harry Potter,4,TRUE,Fandom
Mild Angst,6,FALSE,Angst
Mild Gore,2,FALSE,Dark
mild james potter bashing,2,TRUE,Fandom
Mild Language,6,FALSE,Meta 
Mild Sexual Content,4,FALSE,Sex
Mildly Dubious Consent,9,FALSE,Sex
Mind Control,6,FALSE,Angst
Mind Games,3,FALSE,Angst
Minerva McGonagall Bashing,2,TRUE,Fandom
Minister for Magic Tom Riddle,7,TRUE,Fandom
Ministry of Magic,4,FALSE,Magic
Ministry of Magic (Harry Potter),4,TRUE,Fandom
Ministry of Magic Employee Draco Malfoy,4,TRUE,Fandom
Ministry of Magic Employee Hermione Granger,5,TRUE,Fandom
Minor Character Death,42,FALSE,Dark
Minor Harry Potter/Ginny Weasley,2,TRUE,Fandom
Minor Hermione Granger/Ron Weasley,15,TRUE,Fandom
Minor Luna Lovegood/Ginny Weasley,3,TRUE,Fandom
Minor Marlene McKinnon/Dorcas Meadowes,2,TRUE,Fandom
Minor Mary Macdonald/Lily Evans Potter,2,TRUE,Fandom
Minor Sirius Black/Remus Lupin,8,TRUE,Fandom
Mirror of Erised,3,FALSE,Magic
Miscommunication,9,FALSE,Angst
Misguided Albus Dumbledore,6,TRUE,Fandom
Mistaken Identity,2,FALSE,Action
Mistletoe,2,FALSE,Romance
Misunderstandings,18,FALSE,Angst
MOD Harry Potter,2,TRUE,Fandom
Modern AU,5,FALSE,Alternate Universe
Modern Era,3,FALSE,Alternate Universe
Modern Marauders (Harry Potter),3,TRUE,Fandom
Molly Weasley Bashing,18,TRUE,Fandom
Moral Ambiguity,4,FALSE,Dark
Moral Dilemmas,2,FALSE,Dark
Morally Ambiguous Character,2,FALSE,Meta 
Morally Grey Draco Malfoy,4,TRUE,Fandom
Morally Grey Harry Potter,33,TRUE,Fandom
Morally Grey Hermione Granger,4,TRUE,Fandom
Morally Grey Regulus Black,2,TRUE,Fandom
more things than are dreamt of,3,FALSE,Meta 
Morning After,3,FALSE,Sex
Mother-Son Relationship,2,FALSE,Family
Motorcycles,2,FALSE,Other
Mpreg,40,FALSE,Sex
Muggle AU,3,TRUE,Fandom
Muggle living,2,TRUE,Fandom
Muggle/Wizard Relations,2,TRUE,Fandom
Multiple Orgasms,3,FALSE,Sex
Murder,7,FALSE,Angst
Mutual Masturbation,3,FALSE,Sex
Mutual Pining,40,FALSE,Angst
MWPP,6,TRUE,Fandom
MWPP Era,3,TRUE,Fandom
Mythical Beings & Creatures,8,FALSE,Magic
Mythology References,3,FALSE,Meta 
Nagini Adopts Harry,2,TRUE,Fandom
Near Death Experiences,1,TRUE,Fandom
Necromancer Harry Potter,8,TRUE,Fandom
Necromancy,12,FALSE,Magic
Neutral Harry,2,TRUE,Fandom
Neville Longbottom is a Good Friend,2,TRUE,Fandom
Nick Fury is Not Amused,2,TRUE,Fandom
Nicknames,3,FALSE,Meta 
Nightmares,9,FALSE,Angst
Nipple Play,2,FALSE,Sex
No Angst,3,FALSE,Angst
No Bashing,2,FALSE,Meta 
no beta we die like men,13,FALSE,Meta 
No character bashing,12,FALSE,Meta 
No Hermione Granger Bashing,2,TRUE,Fandom
No Horcruxes,7,TRUE,Fandom
No prophecy,2,FALSE,Meta 
No Romance,3,FALSE,Meta 
No Ron Weasley Bashing,2,TRUE,Fandom
No Smut,2,FALSE,Fluff
No Voldemort,2,TRUE,Fandom
Non-Linear Narrative,3,FALSE,Meta 
Non-magical AU,2,FALSE,Magic
Non-Sexual Age Play,2,FALSE,Sex
Non-Sexual Intimacy,2,FALSE,Sex
Non-Traditional Alpha/Beta/Omega Dynamics,4,FALSE,Sex
Not Actually Unrequited Love,2,FALSE,Romance
Not Avengers: Infinity War Part 1 (Movie) Compliant,1,TRUE,Fandom
Not Beta Read,9,FALSE,Meta 
Not Canon Compliant,16,FALSE,Canon
Not Canon Compliant - Harry Potter and the Deathly Hallows,2,TRUE,Fandom
Not Canon Compliant - Harry Potter and the Goblet of Fire,7,TRUE,Fandom
Not Canon Compliant - Harry Potter and the Order of the Phoenix,4,TRUE,Fandom
Not Canon Compliant - Harry Potter and the Philosopher's Stone,3,TRUE,Fandom
Not Canon Compliant - Harry Potter and the Prisoner of Azkaban,3,TRUE,Fandom
Not Epilogue Compliant,17,FALSE,Canon
Not Harry Potter and the Cursed Child Compliant,3,TRUE,Fandom
not romance centric,2,FALSE,Meta 
Not So Evil Voldemort (Harry Potter),2,TRUE,Fandom
Not Steve Rogers Friendly,2,TRUE,Fandom
NSFW Art,6,FALSE,Meta 
Nudity,2,FALSE,Sex
Number Twelve Grimmauld Place,2,TRUE,Fandom
Nymphadora Tonks Lives,3,TRUE,Fandom
Oblivious,2,FALSE,Other
Oblivious Draco Malfoy,10,TRUE,Fandom
Oblivious Harry,5,TRUE,Fandom
Oblivious Harry Potter,13,TRUE,Fandom
Oblivious James Potter,2,TRUE,Fandom
Obliviousness,2,FALSE,Other
Obsession,3,FALSE,Angst
Obsessive Behavior,3,FALSE,Angst
Obsessive Tom Riddle,7,TRUE,Fandom
Occlumency (Harry Potter),5,TRUE,Fandom
Office Sex,5,FALSE,Sex
Older Harry,2,TRUE,Fandom
Older Man/Younger Woman,4,FALSE,Sex
Omega Draco,2,TRUE,Fandom
Omega Draco Malfoy,4,TRUE,Fandom
Omega Harry Potter,6,TRUE,Fandom
Omega Hermione Granger,3,TRUE,Fandom
Omega Newt,2,TRUE,Fandom
Omega Verse,3,FALSE,Alternate Universe
One Night Stands,2,FALSE,Sex
One Shot,10,FALSE,Meta 
One-Sided Draco Malfoy/Harry Potter,2,TRUE,Fandom
Oneshot,4,FALSE,Meta 
OOC,2,FALSE,Meta 
OP Harry Potter,2,TRUE,Fandom
Or Is he?,3,FALSE,Meta 
Oral Sex,32,FALSE,Sex
Order of the Phoenix (Harry Potter),3,TRUE,Fandom
Order of the Phoenix Bashing (Harry Potter),2,TRUE,Fandom
Orgasm Control,2,FALSE,Sex
Orgasm Delay/Denial,4,FALSE,Sex
Original Character Death(s),3,FALSE,Dark
Original Character(s),9,TRUE,Fandom
Original Characters - Freeform,4,FALSE,Meta 
Other Additional Tags to Be Added,29,FALSE,Meta 
Out of Character,4,FALSE,Meta 
Overstimulation,3,FALSE,Sex
Owls,4,FALSE,Canon
Pagan Festivals,3,FALSE,Meta 
Pagan Gods,4,FALSE,Magic
Paganism,5,FALSE,Magic
Panic Attacks,20,FALSE,Mental Health
Pansexual Harry Potter,2,TRUE,Fandom
Pansexual James Potter,5,TRUE,Fandom
Parent Harry Potter,2,TRUE,Fandom
Parent Severus Snape,6,TRUE,Fandom
Parent Tony Stark,4,TRUE,Fandom
Parent-Child Relationship,6,FALSE,Family
Parental Aizawa Shouta | Eraserhead,2,TRUE,Fandom
Parental Yamada Hizashi | Present Mic,1,TRUE,Fandom
Parenthood,2,FALSE,Family
Parselmouth Harry Potter,16,TRUE,Fandom
Parselmouths,2,TRUE,Fandom
Parselmouths & Parseltongue (Harry Potter),12,TRUE,Fandom
Parseltongue,29,TRUE,Fandom
Parseltongue Kink,3,FALSE,Sex
Past Abuse,7,FALSE,Abuse
Past Character Death,4,FALSE,Dark
Past Child Abuse,24,FALSE,Abuse
Past Harry Potter/Ginny Weasley,4,TRUE,Fandom
Past Hermione Granger/Ron Weasley,7,TRUE,Fandom
Past Rape/Non-con,5,FALSE,Abuse
Past Relationship(s),3,FALSE,Romance
Past Sexual Abuse,3,FALSE,Abuse
Past Violence,2,FALSE,Dark
Perevod na russkii | Translation in Russian,7,FALSE,Meta 
Period-Typical Homophobia,2,FALSE,Meta 
Period-Typical Sexism,3,FALSE,Sex
Pet Names,5,FALSE,Romance
Peter Parker Needs a Hug,1,TRUE,Fandom
Physical Abuse,3,FALSE,Abuse
Pining,45,FALSE,Angst
Pining Draco Malfoy,21,TRUE,Fandom
Pining Harry,3,TRUE,Fandom
Pining Harry Potter,2,TRUE,Fandom
Pining Hermione Granger,2,TRUE,Fandom
Plot Twists,2,FALSE,Meta 
Plot What Plot/Porn Without Plot,6,FALSE,Sex
Plotty,3,FALSE,Meta 
Podfic Available,7,FALSE,Meta 
Political Harry Potter,2,TRUE,Fandom
Politics,13,FALSE,Meta 
Polyamory,5,FALSE,Romance
Porn,5,FALSE,Sex
Porn with Feelings,3,FALSE,Sex
Porn With Plot,8,FALSE,Sex
Possessive Behaviour,2,FALSE,Dark
Possessive Draco Malfoy,8,TRUE,Fandom
Possessive Harry,3,TRUE,Fandom
Possessive Harry Potter,4,TRUE,Fandom
Possessive Tom Riddle,29,TRUE,Fandom
Possessive Voldemort,3,TRUE,Fandom
Possessive Voldemort (Harry Potter),4,TRUE,Fandom
Post - Deathly Hallows,3,TRUE,Fandom
Post Mpreg,2,FALSE,Sex
Post-Avengers (2012),6,TRUE,Fandom
Post-Avengers: Age of Ultron (Movie),2,TRUE,Fandom
Post-Battle of Hogwarts,6,TRUE,Fandom
Post-Canon,4,FALSE,Canon
Post-Captain America: Civil War (Movie),1,TRUE,Fandom
Post-Deathly Hallows,4,TRUE,Fandom
Post-First War with Voldemort,3,TRUE,Fandom
Post-Harry Potter and the Deathly Hallows,6,TRUE,Fandom
Post-Harry Potter and the Goblet of Fire,2,TRUE,Fandom
Post-Hogwarts,35,TRUE,Fandom
Post-Second War with Voldemort,3,TRUE,Fandom
Post-Second Wizarding War with Voldemort (Harry Potter),2,TRUE,Fandom
Post-Traumatic Stress Disorder - PTSD,42,FALSE,Mental Health
Post-War,29,FALSE,Alternate Universe
Post-War Trauma,3,FALSE,Abuse
Potions,11,FALSE,Canon
Potions Accident,7,FALSE,Canon
Potions Master Draco Malfoy,3,TRUE,Fandom
Potterlock,3,TRUE,Fandom
POV Alternating,6,FALSE,Meta 
POV Draco Malfoy,27,TRUE,Fandom
POV First Person,2,FALSE,Meta 
POV Harry Potter,16,TRUE,Fandom
POV Hermione Granger,13,TRUE,Fandom
POV Multiple,7,FALSE,Meta 
POV Outsider,3,FALSE,Meta 
POV Regulus Black,3,TRUE,Fandom
POV Remus Lupin,2,TRUE,Fandom
POV Severus Snape,3,TRUE,Fandom
POV Theodore Nott,2,TRUE,Fandom
POV Third Person,2,FALSE,Meta 
POV Tom Riddle,5,TRUE,Fandom
POV Voldemort (Harry Potter),2,TRUE,Fandom
Power Dynamics,4,FALSE,Angst
Power Imbalance,3,FALSE,Angst
Power Play,3,FALSE,Sex
Powerful Draco Malfoy,2,TRUE,Fandom
Powerful Harry,19,TRUE,Fandom
Powerful Harry Potter,13,TRUE,Fandom
Praise Kink,23,FALSE,Sex
Pranks and Practical Jokes,5,FALSE,Fluff
Prankster Harry Potter,2,TRUE,Fandom
Pre-Avengers: Infinity War Part 1 (Movie),2,TRUE,Fandom
Pre-Hogwarts,9,TRUE,Fandom
Pre-Relationship,2,FALSE,Romance
Pre-Slash,11,FALSE,Romance
Precious Peter Parker,1,TRUE,Fandom
Pregnancy,4,FALSE,Sex
Pregnant Draco Malfoy,3,TRUE,Fandom
Present Tense,20,FALSE,Meta 
Press and Tabloids,2,FALSE,Other
probably a bit OOC,2,FALSE,Meta 
Professor Tom Riddle,4,TRUE,Fandom
Prophecy,5,FALSE,Magic
Prostate Massage,2,FALSE,Sex
Prostate Milking,2,FALSE,Sex
Protective Avengers,3,TRUE,Fandom
Protective Bucky Barnes,2,TRUE,Fandom
Protective Draco,2,TRUE,Fandom
Protective Draco Malfoy,8,TRUE,Fandom
Protective Harry,4,TRUE,Fandom
Protective Harry Potter,5,TRUE,Fandom
Protective Jasper Hale,2,TRUE,Fandom
Protective Marcus Flint,2,TRUE,Fandom
Protective Newt Scamander,3,TRUE,Fandom
Protective Percy Weasley,2,TRUE,Fandom
Protective Remus Lupin,4,TRUE,Fandom
Protective Severus Snape,5,TRUE,Fandom
Protective Sirius Black,2,TRUE,Fandom
Protective Slytherins,3,TRUE,Fandom
Protective Steve Rogers,1,TRUE,Fandom
Protective Tom Riddle,7,TRUE,Fandom
Protective Tony Stark,3,TRUE,Fandom
Protectiveness,3,FALSE,Romance
Pseudo-Incest,2,FALSE,Sex
Psychological Torture,4,FALSE,Dark
Psychological Trauma,3,FALSE,Abuse
Psychopathology & Sociopathy,2,FALSE,Mental Health
PTSD,4,FALSE,Mental Health
Puberty,2,FALSE,Other
Public Sex,5,FALSE,Sex
Pureblood Bigotry,2,TRUE,Fandom
Pureblood Culture,6,TRUE,Fandom
Pureblood Culture (Harry Potter),11,TRUE,Fandom
Pureblood Harry Potter,2,TRUE,Fandom
Pureblood Hermione Granger,3,TRUE,Fandom
Pureblood Politics,2,TRUE,Fandom
Pureblood Politics (Harry Potter),16,TRUE,Fandom
Pureblood Society,5,TRUE,Fandom
Pureblood Society (Harry Potter),6,TRUE,Fandom
PWP,5,TRUE,Fandom
Queerplatonic Relationships,2,FALSE,Romance
Quidditch,12,TRUE,Fandom
Quidditch Player Draco Malfoy,3,TRUE,Fandom
Racism,2,FALSE,Abuse
Raising Harry Potter,5,TRUE,Fandom
Rape,2,FALSE,Abuse
Rape/Non-con Elements,7,FALSE,Abuse
Rare Pairings,5,FALSE,Romance
rating will increase,2,FALSE,Meta 
Ravenclaw Draco Malfoy,3,TRUE,Fandom
Ravenclaw Harry,4,TRUE,Fandom
Ravenclaw Harry Potter,12,TRUE,Fandom
Ravenclaw Hermione Granger,6,TRUE,Fandom
Rebirth,3,FALSE,Magic
Reconciliation,4,FALSE,Romance
Recovery,4,FALSE,Mental Health
Recreational Drug Use,9,FALSE,Substance
Red String of Fate,2,FALSE,Romance
Red-Haired Harry Potter,2,TRUE,Fandom
Redeemed Draco Malfoy,10,TRUE,Fandom
Redemption,7,FALSE,Angst
References to Arthurian Legends,2,FALSE,Meta 
References to Norse Religion & Lore,3,FALSE,Meta 
Regulus Black Deserves Better,5,TRUE,Fandom
Regulus Black Feels,2,TRUE,Fandom
Regulus Black is a Good Sibling,2,TRUE,Fandom
Regulus Black is a Little Shit,2,TRUE,Fandom
Regulus Black Lives,13,TRUE,Fandom
Regulus Black Needs a Hug,4,TRUE,Fandom
Regulus Black Raises Harry Potter,2,TRUE,Fandom
Regulus Black-centric,6,TRUE,Fandom
Reincarnation,10,FALSE,Alternate Universe
religious trauma,2,FALSE,Abuse
Remus Lupin Lives,4,TRUE,Fandom
Remus Lupin Needs a Hug,4,TRUE,Fandom
Remus Lupin Raises Harry Potter,2,TRUE,Fandom
Requited Love,4,FALSE,Romance
Researcher Hermione Granger,3,TRUE,Fandom
Resolved Sexual Tension,5,FALSE,Sex
Resorting,2,FALSE,Meta 
Returning Home,2,FALSE,Other
Revenge,4,FALSE,Angst
Riddle at Hogwarts Era,2,TRUE,Fandom
Riding,2,FALSE,Sex
Riding Crops,2,FALSE,Sex
Rimming,42,FALSE,Sex
Risk Aware Consensual Kink,2,FALSE,Sex
Rituals,9,TRUE,Fandom
Rivalry,2,FALSE,Dark
Rivals to Lovers,2,FALSE,Romance
Romance,92,FALSE,Romance
Romantic Comedy,5,FALSE,Fluff
Romantic Fluff,2,FALSE,Fluff
Romantic Soulmates,2,FALSE,Romance
Ron Bashing,2,TRUE,Fandom
Ron Weasley Bashing,38,TRUE,Fandom
Ron Weasley is a Good Friend,5,TRUE,Fandom
Room of Requirement,3,TRUE,Fandom
Roommates,3,FALSE,Other
Rosekiller,3,TRUE,Fandom
Rough Sex,14,FALSE,Sex
Rule 63,2,FALSE,Alternate Universe
Runes,4,FALSE,Magic
runic magic,2,FALSE,Magic
Sacrifice,3,FALSE,Magic
Sad Harry Potter,2,TRUE,Fandom
Safe Sane and Consensual,3,FALSE,Sex
Sane Tom Riddle,26,TRUE,Fandom
Sane Voldemort,5,TRUE,Fandom
Sane Voldemort (Harry Potter),21,TRUE,Fandom
Sarcasm,6,FALSE,Fluff
Sassy Harry Potter,10,TRUE,Fandom
Scent Kink,4,FALSE,Sex
Scent Marking,3,FALSE,Romance
Scenting,2,FALSE,Romance
Science,2,FALSE,Other
secret feelings,2,FALSE,Romance
Secret Identity,5,FALSE,Action
Secret Relationship,23,FALSE,Romance
Secret Relationships,2,FALSE,Romance
Secrets,5,FALSE,Dark
Seduction,3,FALSE,Romance
Seer Harry Potter,3,TRUE,Fandom
Seer Luna Lovegood,6,TRUE,Fandom
Seer Ron Weasley,2,TRUE,Fandom
Self-Acceptance,2,FALSE,Mental Health
Self-Esteem Issues,2,FALSE,Mental Health
Self-Harm,14,FALSE,Mental Health
Self-Indulgent,4,FALSE,Mental Health
Self-Insert,3,FALSE,Meta 
Semi-Public Sex,13,FALSE,Sex
Sentient Hogwarts,3,TRUE,Fandom
Series Retold,5,FALSE,Alternate Universe
Serious,2,FALSE,Angst
seriously,4,FALSE,Meta 
Serpentine Voldemort,2,TRUE,Fandom
Severitus,10,TRUE,Fandom
Severitus | Severus Snape is Harry Potter's Parent,12,TRUE,Fandom
Severitus-inspired,2,TRUE,Fandom
Severus Snape Adopts Harry Potter,10,TRUE,Fandom
Severus Snape Being a Bastard,2,TRUE,Fandom
Severus Snape Has a Heart,17,TRUE,Fandom
Severus Snape is So Done,2,TRUE,Fandom
Severus Snape Lives,3,TRUE,Fandom
Severus Snape-centric,4,TRUE,Fandom
Sex,3,FALSE,Sex
Sex Magic,3,FALSE,Sex
sex on the floor,2,FALSE,Sex
Sex Toys,6,FALSE,Sex
Sex Work,2,FALSE,Sex
Sexual Content,17,FALSE,Sex
Sexual exploration,2,FALSE,Sex
Sexual Fantasy,3,FALSE,Sex
Sexual Harassment,2,FALSE,Sex
Sexual Roleplay,2,FALSE,Sex
Sexual Tension,11,FALSE,Sex
Shameless Smut,5,FALSE,Sex
Sharing a Bed,11,FALSE,Romance
Sherlock is a muggle,3,TRUE,Fandom
Sherlock/HP crossover,3,TRUE,Fandom
Shibari,3,FALSE,Sex
Shower Sex,8,FALSE,Sex
Sick Harry,2,TRUE,Fandom
Sickfic,3,FALSE,Meta 
Sign Language,2,FALSE,Meta 
Sirius Black & James Potter Friendship,2,TRUE,Fandom
Sirius Black Free from Azkaban,4,TRUE,Fandom
Sirius Black Gets a Trial,3,TRUE,Fandom
Sirius Black is a Good Sibling,2,TRUE,Fandom
Sirius Black Lives,6,TRUE,Fandom
Sirius Black Needs a Hug,3,TRUE,Fandom
Size Difference,5,FALSE,Other
Size Kink,10,FALSE,Sex
Slash,28,FALSE,Romance
Sleep Deprivation,2,FALSE,Mental Health
Slice of Life,6,FALSE,Meta 
slight angst,2,FALSE,Angst
slight ron bashing,2,TRUE,Fandom
Slow Build,35,FALSE,Romance
Slow Burn,143,FALSE,Romance
slow emotional burn,2,TRUE,Fandom
Slow Romance,7,FALSE,Romance
Slow To Update,3,FALSE,Meta 
Slytherin,3,TRUE,Fandom
Slytherin Ginny Weasley,2,TRUE,Fandom
Slytherin Harry,19,TRUE,Fandom
Slytherin Harry Potter,54,TRUE,Fandom
Slytherin Hermione Granger,8,TRUE,Fandom
Slytherin Politics,14,TRUE,Fandom
Slytherin Ron Weasley,5,TRUE,Fandom
Slytherin!Harry,5,TRUE,Fandom
Slytherins Being Slytherins,15,TRUE,Fandom
Smaller Draco,2,TRUE,Fandom
Smart Draco Malfoy,2,TRUE,Fandom
Smart Harry,16,TRUE,Fandom
Smart Harry Potter,28,TRUE,Fandom
Smart Hermione Granger,2,TRUE,Fandom
Smart Ron Weasley,2,TRUE,Fandom
Smitten Harry Potter,3,TRUE,Fandom
Smitten Tom Riddle,3,TRUE,Fandom
Smoking,3,FALSE,Substance
Smut,44,FALSE,Sex
Snakes,6,FALSE,Magic
Snark,7,FALSE,Fluff
Snarky Draco Malfoy,7,TRUE,Fandom
Snogging,2,FALSE,Sex
So much angst,2,FALSE,Angst
SO MUCH FLUFF,5,FALSE,Fluff
Social Anxiety,3,FALSE,Mental Health
Some angst,3,FALSE,Angst
Some Humor,4,FALSE,Fluff
Somewhat Good Voldemort (Harry Potter),6,TRUE,Fandom
Sorry Not Sorry,3,FALSE,Meta 
Sort Of,8,FALSE,Meta 
Soul Bond,15,FALSE,Romance
Soul Magic,2,FALSE,Magic
Soulmate AU,3,FALSE,Alternate Universe
Soulmate-Identifying Marks,34,FALSE,Romance
Soulmates,27,FALSE,Romance
Spanish Translation,2,FALSE,Meta 
Spanking,7,FALSE,Sex
Spin the Bottle,2,FALSE,Other
Spoilers,3,FALSE,Meta 
Spooning,2,FALSE,Romance
Spy Draco Malfoy,3,TRUE,Fandom
St Mungo's Hospital,6,TRUE,Fandom
Strangers to Lovers,2,FALSE,Romance
Stress Baking,2,FALSE,Other
Strong Harry Potter,2,TRUE,Fandom
Strong Language,2,FALSE,Meta 
Study of Ancient Runes (Harry Potter),2,TRUE,Fandom
Sub Draco,2,TRUE,Fandom
Sub Draco Malfoy,2,TRUE,Fandom
Sub Harry Potter,2,TRUE,Fandom
Sub Lucius Malfoy,2,TRUE,Fandom
Sub Severus Snape,2,TRUE,Fandom
Subspace,2,FALSE,Sex
Substance Abuse,2,FALSE,Abuse
sucking cock,2,FALSE,Sex
Sugar Daddy Tom Riddle,2,TRUE,Fandom
Suicidal Thoughts,17,FALSE,Mental Health
Suicide,2,FALSE,Mental Health
Suicide Attempt,7,FALSE,Mental Health
Summer,2,FALSE,Other
Summoned Hero,4,FALSE,Magic
Surrogacy,2,FALSE,Family
Swearing,10,FALSE,Meta 
Switching,13,FALSE,Sex
Tags Contain Spoilers,3,FALSE,Meta 
Tags May Change,7,FALSE,Meta 
Tattooed Draco Malfoy,3,TRUE,Fandom
Tattoos,2,FALSE,Meta 
Taylor Swift References,2,TRUE,Fandom
Tea,2,FALSE,Other
Teacher-Student Relationship,6,FALSE,Family
Team as Family,2,FALSE,Family
Teasing,2,FALSE,Romance
Teddy Lupin was Raised by Harry Potter,2,TRUE,Fandom
Teen Romance,3,FALSE,Romance
Teenage Tom Riddle,5,TRUE,Fandom
Temporary Character Death,10,FALSE,Dark
Terminal Illnesses,3,FALSE,Angst
text fic,2,FALSE,Meta 
Texting,4,FALSE,Meta 
texting fic,2,FALSE,Meta 
The Author Regrets Nothing,2,FALSE,Meta 
The Dark Arts (Harry Potter),3,TRUE,Fandom
The Deathly Hallows,11,TRUE,Fandom
The Golden Trio,4,TRUE,Fandom
The Golden Trio Era (Harry Potter),2,TRUE,Fandom
The Marauders - Freeform,2,TRUE,Fandom
The Ministry of Magic is Corrupt (Harry Potter),2,TRUE,Fandom
The Noble and Most Ancient House of Black,10,TRUE,Fandom
Therapy,4,FALSE,Mental Health
this fic is very Dumbledore critical,2,TRUE,Fandom
Threesome - F/F/M,2,FALSE,Sex
Threesome - M/M/M,2,FALSE,Sex
Time Loop,5,FALSE,Alternate Universe
Time Travel Fix-It,36,FALSE,Alternate Universe
Time Travelling Harry Potter,5,TRUE,Fandom
Time Turner,3,FALSE,Magic
time-travel,3,FALSE,Alternate Universe
Timeline Mashup,2,FALSE,Alternate Universe
Timeline What Timeline,4,FALSE,Meta 
tol/smol,2,FALSE,Meta 
Tom Riddle | Voldemort Adopts Harry Potter,3,TRUE,Fandom
Tom Riddle is Bad at Feelings,2,TRUE,Fandom
Tom Riddle is His Own Warning,11,TRUE,Fandom
Tom Riddle is Not Voldemort,8,TRUE,Fandom
Tom Riddle outsmarting himself,2,TRUE,Fandom
Tom Riddle Redemption,2,TRUE,Fandom
Tom Riddle's Diary,9,TRUE,Fandom
tomarry - Freeform,6,TRUE,Fandom
tomfoolery,2,TRUE,Fandom
Tony Stark Acting as Peter Parker's Parental Figure,2,TRUE,Fandom
Tony Stark Has A Heart,7,TRUE,Fandom
Tony Stark Has Issues,2,TRUE,Fandom
Tony Stark Has Post-Traumatic Stress Disorder,2,TRUE,Fandom
Tony Stark Needs a Hug,5,TRUE,Fandom
Tooth-Rotting Fluff,14,FALSE,Fluff
Top Draco Malfoy,9,TRUE,Fandom
Top Harry,20,TRUE,Fandom
Top Harry Potter,14,TRUE,Fandom
Top Percival,2,TRUE,Fandom
Top Tom Riddle,4,TRUE,Fandom
Top Voldemort (Harry Potter),3,TRUE,Fandom
Torture,24,FALSE,Abuse
Touch-Starved,3,FALSE,Angst
Toxic Draco Malfoy,2,TRUE,Fandom
Trans Blaise Zabini,2,TRUE,Fandom
Translation Available,13,FALSE,Meta 
Trapped,3,FALSE,Angst
Trauma,9,FALSE,Abuse
Trickster Gods,2,FALSE,Magic
Triwizard Tournament,11,TRUE,Fandom
Tropes,5,FALSE,Meta 
Trust Issues,3,FALSE,Angst
Truth or Dare,3,FALSE,Other
Tumblr Prompt,3,FALSE,Meta 
Twins,2,FALSE,Family
Unconventional Families,2,FALSE,Family
Under the Influence of Horcruxes,2,TRUE,Fandom
Under-negotiated Kink,3,FALSE,Sex
Underage - Freeform,4,FALSE,Sex
Underage Drinking,3,FALSE,Substance
Underage Sex,2,FALSE,Sex
Unforgivable Curses (Harry Potter),3,TRUE,Fandom
Unhealthy Coping Mechanisms,5,FALSE,Mental Health
unhealthy relationship,2,FALSE,Dark
Unhealthy Relationships,9,FALSE,Dark
Unicorns,2,FALSE,Magic
universe hopping,2,FALSE,Alternate Universe
Unplanned Pregnancy,5,FALSE,Sex
Unreliable Narrator,19,FALSE,Meta 
Unrequited Love,3,FALSE,Romance
Unresolved Romantic Tension,2,FALSE,Romance
Unresolved Sexual Tension,20,FALSE,Sex
Unspeakable Draco,2,TRUE,Fandom
Unspeakable Draco Malfoy,2,TRUE,Fandom
Unspeakable Harry Potter,3,TRUE,Fandom
Unspeakables,2,FALSE,Dark
Use of Unforgivable Curses,3,TRUE,Fandom
UST,10,FALSE,Romance
Vaginal Fingering,3,FALSE,Sex
Vaginal Sex,2,FALSE,Sex
Vampire Harry Potter,2,TRUE,Fandom
Veela,3,TRUE,Fandom
Veela Draco,4,TRUE,Fandom
Veela Draco Malfoy,10,TRUE,Fandom
Veela Mates,4,TRUE,Fandom
Verbal Abuse,2,FALSE,Abuse
Veritaserum,3,FALSE,Magic
very slow burn,2,FALSE,Romance
Violence,26,FALSE,Abuse
Virgin Draco Malfoy,3,TRUE,Fandom
Virgin Newt,2,TRUE,Fandom
Visions,2,FALSE,Magic
Voldemort is Harry Potter's Parent,2,TRUE,Fandom
Voyeurism,10,FALSE,Sex
Vulnerable Harry Potter,2,TRUE,Fandom
Walburga Black's A+ Parenting,3,TRUE,Fandom
Wandless Magic,7,FALSE,Magic
Wandless Magic (Harry Potter),7,TRUE,Fandom
wanking,7,FALSE,Sex
War,7,FALSE,Angst
Wax Play,2,FALSE,Sex
WBWL,4,TRUE,Fandom
Weasley Bashing,9,TRUE,Fandom
Weddings,2,FALSE,Romance
Weird Magic,2,FALSE,Magic
Well - Freeform,2,FALSE,Meta 
Well-Meaning Dumbledore,2,TRUE,Fandom
Werewolf Harry,2,TRUE,Fandom
Werewolf Harry Potter,3,TRUE,Fandom
Werewolves,7,FALSE,Magic
What-If,3,FALSE,Meta 
Whump,2,FALSE,Angst
Wing Kink,2,FALSE,Sex
Wizarding Culture (Harry Potter),4,TRUE,Fandom
Wizarding Laws (Harry Potter),2,TRUE,Fandom
Wizarding Politics,3,TRUE,Fandom
Wizarding Politics (Harry Potter),11,TRUE,Fandom
Wizarding Traditions (Harry Potter),4,TRUE,Fandom
Wizarding Wars,2,TRUE,Fandom
Wizarding Wars (Harry Potter),2,TRUE,Fandom
Wizengamot,4,TRUE,Fandom
Wizengamot (Harry Potter),3,TRUE,Fandom
wolfstar,15,TRUE,Fandom
Women Being Awesome,3,FALSE,Other
Work In Progress,5,FALSE,Meta 
Workplace Relationship,2,FALSE,Romance
world building,5,TRUE,Fandom
Worldbuilding,15,FALSE,Meta 
Wrong Boy Who Lived,2,TRUE,Fandom
Wrong Boy-Who-Lived,3,TRUE,Fandom
Wrong Boy-Who-Lived (Harry Potter),4,TRUE,Fandom
yes - Freeform,2,FALSE,Meta 
Young Albus Dumbledore,2,TRUE,Fandom
Young Dazai Osamu (Bungou Stray Dogs),2,TRUE,Fandom
Young Harry,2,TRUE,Fandom
Young Harry Potter,2,TRUE,Fandom
Young Severus Snape,4,TRUE,Fandom
Young Tom Riddle,4,TRUE,Fandom
Yule Ball (Harry Potter),3,TRUE,Fandom
Zhong Wen Fan Yi  | Translation in Chinese,5,FALSE,Meta 