tag,frequency,Fandom_Specific,category
1940s,3,FALSE,Meta 
5 Things,3,FALSE,Meta 
5+1 Things,16,FALSE,Meta 
Ableism,3,FALSE,Dark
Ableist Language,3,FALSE,Dark
Abuse,8,FALSE,Abuse
Abused Midoriya Izuku,3,TRUE,Fandom
Abusive Dursley Family (Harry Potter),3,TRUE,Fandom
Abusive Midoriya Hisashi,2,TRUE,Fandom
Abusive Midoriya Inko,5,TRUE,Fandom
Abusive Relationships,2,FALSE,Abuse
Abusive Todoroki Enji | Endeavor,2,TRUE,Fandom
Acceptance,2,FALSE,Romance
Accidental Baby Acquisition,3,FALSE,Other
Accidental Bonding,4,FALSE,Romance
Accidental Brother Acquisition,3,FALSE,Other
Accidental Cuddling,5,FALSE,Romance
Accidental Voyeurism,2,FALSE,Sex
Action/Adventure,9,FALSE,Action
Actor AU,2,FALSE,Alternate Universe
Actor Midoriya Izuku,4,TRUE,Fandom
Additional Warnings In Author's Note,5,FALSE,Meta 
Adopted Eri (My Hero Academia),2,TRUE,Fandom
Adopted Midoriya Izuku,2,TRUE,Fandom
Adopted Shinsou Hitoshi,2,TRUE,Fandom
Adoption,6,FALSE,Family
Adrien Agreste | Chat Noir Identity Reveal,2,TRUE,Fandom
adrienette - Freeform,7,TRUE,Fandom
Adventure,4,FALSE,Action
Aftercare,4,FALSE,Romance
Aftermath,3,FALSE,Angst
Aftermath of Torture,3,FALSE,Angst
Age Difference,5,FALSE,Romance
Age Regression/De-Aging,5,FALSE,Meta 
Aged-Up Character(s),10,FALSE,Meta 
Aizawa Shouta | Eraserhead Adopts Midoriya Izuku,7,TRUE,Fandom
Aizawa Shouta | Eraserhead Adopts Shinsou Hitoshi,7,TRUE,Fandom
Aizawa Shouta | Eraserhead and Yamada Hizashi | Present Mic Adopt Midoriya Izuku,4,TRUE,Fandom
Aizawa Shouta | Eraserhead is a Good Teacher,2,TRUE,Fandom
Aizawa Shouta | Eraserhead is So Done,13,TRUE,Fandom
Aizawa Shouta | Eraserhead Needs a Raise,3,TRUE,Fandom
Albus Dumbledore Bashing,10,TRUE,Fandom
Alcohol,7,FALSE,Substance
Aldera Middle School Faces Consequences (My Hero Academia),2,TRUE,Fandom
Aliens,2,FALSE,Magic
Alive Hale Family,5,TRUE,Fandom
All Clint Bartons are Deaf Clint Bartons,2,TRUE,Fandom
Alpha Derek,7,TRUE,Fandom
Alpha Derek Hale,2,TRUE,Fandom
Alpha Draco Malfoy,2,TRUE,Fandom
Alpha Hannibal,2,TRUE,Fandom
Alpha/Beta/Omega Dynamics,19,FALSE,Sex
Alpha/Omega,2,FALSE,Sex
also,2,FALSE,Meta 
Alternate Canon,4,FALSE,Alternate Universe
Alternate Hogwarts House Sorting,2,TRUE,Fandom
Alternate Universe,55,FALSE,Alternate Universe
Alternate Universe - A/B/O,2,FALSE,Alternate Universe
Alternate Universe - Actors,2,FALSE,Alternate Universe
Alternate Universe - Canon,4,FALSE,Alternate Universe
Alternate Universe - Canon Divergence,111,FALSE,Alternate Universe
Alternate Universe - Celebrity,2,FALSE,Alternate Universe
Alternate Universe - Childhood Friends,2,FALSE,Alternate Universe
Alternate Universe - Coffee Shops & Cafes,4,FALSE,Alternate Universe
Alternate Universe - College/University,28,FALSE,Alternate Universe
Alternate Universe - Crack,2,FALSE,Alternate Universe
Alternate Universe - Different First Meeting,3,FALSE,Alternate Universe
Alternate Universe - Everyone Lives/Nobody Dies,10,TRUE,Fandom
Alternate Universe - Fantasy,3,FALSE,Alternate Universe
Alternate Universe - Fraternity,3,FALSE,Alternate Universe
Alternate Universe - Fusion,3,FALSE,Alternate Universe
Alternate Universe - Gangsters,2,FALSE,Alternate Universe
Alternate Universe - Gender Changes,2,FALSE,Alternate Universe
Alternate Universe - Harry Potter Setting,2,TRUE,Fandom
Alternate Universe - High School,8,FALSE,Alternate Universe
Alternate Universe - Human,10,FALSE,Alternate Universe
Alternate Universe - Magic,3,FALSE,Alternate Universe
Alternate Universe - Mineta Minoru Doesn't Exist,4,TRUE,Fandom
Alternate Universe - Modern Setting,24,FALSE,Alternate Universe
Alternate Universe - Muggle,2,FALSE,Alternate Universe
Alternate Universe - No Hale Fire,4,FALSE,Alternate Universe
Alternate Universe - No Powers,5,FALSE,Alternate Universe
Alternate Universe - No Werewolves,2,FALSE,Alternate Universe
Alternate Universe - Office,2,FALSE,Alternate Universe
Alternate Universe - Royalty,6,FALSE,Alternate Universe
Alternate Universe - Soulmates,26,FALSE,Alternate Universe
Alternate Universe - Still Have Powers,2,FALSE,Alternate Universe
Alternate Universe - Superheroes/Superpowers,9,FALSE,Alternate Universe
Alternate Universe - Time Travel,12,FALSE,Alternate Universe
Alternate Universe - Voldemort Wins,4,TRUE,Fandom
Alternate Universe - Werewolves Are Known,7,FALSE,Alternate Universe
alternative universe,2,FALSE,Alternate Universe
Ambassador Sokka,2,TRUE,Fandom
Amnesia,5,FALSE,Angst
Anal Fingering,23,FALSE,Sex
Anal Play,4,FALSE,Sex
Anal Sex,45,FALSE,Sex
Analyst Midoriya Izuku,7,TRUE,Fandom
Analytical Midoriya Izuku,2,TRUE,Fandom
and therapy,2,FALSE,Meta 
Angel of Death Phil Watson (Video Blogging RPF),2,TRUE,Fandom
Angst,136,FALSE,Angst
Angst and Feels,5,FALSE,Angst
Angst and Fluff,3,FALSE,Fluff
Angst and Fluff and Smut,3,FALSE,Sex
Angst and Humor,21,FALSE,Angst
Angst and Hurt/Comfort,10,FALSE,Angst
Angst and Romance,3,FALSE,Romance
Angst with a Happy Ending,70,FALSE,Angst
Animagus,3,FALSE,Magic
Animal Death,4,TRUE,Fandom
Anti-Hero,3,FALSE,Other
Anxiety,9,FALSE,Mental Health
Anxiety Attacks,7,FALSE,Mental Health
Anxious Midoriya Izuku,4,TRUE,Fandom
Arranged Marriage,8,FALSE,Romance
Art,2,FALSE,Meta 
Asexual Character,3,FALSE,Sex
Asgard (Marvel),2,TRUE,Fandom
Ass to Mouth,2,FALSE,Sex
Assassination Attempt(s),2,FALSE,Angst
Attempt at Humor,3,FALSE,Fluff
Attempted Rape/Non-Con,2,FALSE,Abuse
Attempted Sexual Assault,4,FALSE,Sex
AU,11,FALSE,Alternate Universe
au where people have guardian spirits,2,FALSE,Alternate Universe
Auror Draco Malfoy,4,TRUE,Fandom
Auror Harry,3,TRUE,Fandom
Auror Harry Potter,6,TRUE,Fandom
Auror Partners,4,TRUE,Fandom
Author has mental issues,2,FALSE,Meta 
Author Is Sleep Deprived,2,FALSE,Meta 
Avengers Family,2,TRUE,Fandom
Avengers Tower,3,TRUE,Fandom
Avian Phil Watson (Video Blogging RPF),2,TRUE,Fandom
Awkward Conversations,3,FALSE,Fluff
Azula (Avatar) Redemption,4,TRUE,Fandom
Babysitting,2,FALSE,Other
Bad Decisions,3,FALSE,Angst
Bad Flirting,2,FALSE,Fluff
Bad Parent Midoriya Inko,2,TRUE,Fandom
Bad Parent Phil Watson (Video Blogging RPF),3,TRUE,Fandom
Bakugou Katsuki & Midoriya Izuku Friendship,3,TRUE,Fandom
Bakugou Katsuki Being an Asshole,3,TRUE,Fandom
Bakugou Katsuki Faces Consequences,7,TRUE,Fandom
Bakugou Katsuki Gets Therapy,2,TRUE,Fandom
Bakugou Katsuki is a Dork,2,TRUE,Fandom
Bakugou Katsuki is a Good Friend,5,TRUE,Fandom
Bakugou Katsuki is a Little Shit,2,TRUE,Fandom
Bakugou Katsuki is Bad at Feelings,17,TRUE,Fandom
Bakugou Katsuki is Expelled from U.A. High School,2,TRUE,Fandom
Bakugou Katsuki Needs a Hug,2,TRUE,Fandom
Bakugou Katsuki Redemption,7,TRUE,Fandom
Bakugou Katsuki Swears A Lot,24,TRUE,Fandom
Bakugou Masaru's Bad Parenting,2,TRUE,Fandom
Bakugou Mitsuki's Bad Parenting,2,TRUE,Fandom
Bakusquad (My Hero Academia),2,TRUE,Fandom
BAMF Aizawa Shouta | Eraserhead,2,TRUE,Fandom
BAMF Danny,2,TRUE,Fandom
BAMF Harry Potter,5,TRUE,Fandom
BAMF Merlin,2,TRUE,Fandom
BAMF Midoriya Inko,4,TRUE,Fandom
BAMF Midoriya Izuku,45,TRUE,Fandom
BAMF Neville Longbottom,2,TRUE,Fandom
BAMF Pepper Potts,3,TRUE,Fandom
BAMF Peter Parker,7,TRUE,Fandom
BAMF Phil Watson (Video Blogging RPF),2,TRUE,Fandom
BAMF Stiles,2,TRUE,Fandom
BAMF Technoblade (Video Blogging RPF),2,TRUE,Fandom
BAMF TommyInnit (Video Blogging RPF),3,TRUE,Fandom
BAMF Tony Stark,4,TRUE,Fandom
BAMF Uraraka Ochako,4,TRUE,Fandom
BAMF!Stiles,5,TRUE,Fandom
Band Fic,3,FALSE,Meta 
Banter,6,FALSE,Fluff
Barebacking,4,FALSE,Sex
Bars and Pubs,2,FALSE,Meta 
Based on a Tumblr Post,4,TRUE,Fandom
Bat Family,2,TRUE,Fandom
batfam,3,TRUE,Fandom
Batfamily,2,TRUE,Fandom
Batfamily (DCU),6,TRUE,Fandom
Batfamily Feels,2,TRUE,Fandom
Batfamily Meets Justice League,2,TRUE,Fandom
Bathing/Washing,2,FALSE,Romance
BDSM,3,FALSE,Sex
Begging,2,FALSE,Sex
Best Friends,3,FALSE,Family
Betrayal,7,FALSE,Angst
Bets & Wagers,2,FALSE,Meta 
Bigotry & Prejudice,8,FALSE,Dark
Biphobia,2,FALSE,Dark
Bisexual Harry Potter,3,TRUE,Fandom
Bisexual Lance (Voltron),2,TRUE,Fandom
Bisexual Peter Parker,2,TRUE,Fandom
Bisexual Steve Harrington,5,TRUE,Fandom
Bisexual Steve Rogers,2,TRUE,Fandom
Bisexuality,2,FALSE,Sex
Biting,5,FALSE,Sex
Bittersweet Ending,3,FALSE,Angst
Blind Character,4,FALSE,Meta 
Blind Stiles,2,TRUE,Fandom
Blood,8,FALSE,Dark
Blood and Gore,6,FALSE,Dark
Blood and Injury,16,FALSE,Dark
Blood and Violence,9,FALSE,Dark
Blood Magic,2,FALSE,Magic
Bloodplay,2,FALSE,Sex
Blow Jobs,30,FALSE,Sex
Blowjobs,3,FALSE,Sex
Blue Spirit Zuko (Avatar),2,TRUE,Fandom
Board Games,2,FALSE,Other
Boarding School,2,FALSE,Meta 
Body Dysphoria,3,FALSE,Mental Health
Body Horror,5,FALSE,Dark
Body Worship,3,FALSE,Sex
Bodyswap,2,FALSE,Magic
Boku no Hero Academia | My Hero Academia Manga Spoilers,8,TRUE,Fandom
Bondage,2,FALSE,Sex
Bonding,5,FALSE,Romance
Bottom Dean,2,FALSE,Sex
Bottom Derek,3,TRUE,Fandom
Bottom Draco,6,TRUE,Fandom
Bottom Hannibal,2,TRUE,Fandom
Bottom Harry Potter,2,TRUE,Fandom
Bottom Midoriya Izuku,2,TRUE,Fandom
Bottom Will,2,TRUE,Fandom
Breathplay,2,FALSE,Sex
Breeding,2,FALSE,Sex
Breeding Kink,3,FALSE,Sex
Bromance,2,FALSE,Family
Brotherly Bonding,2,FALSE,Family
Bruce Wayne is a Good Dad,3,TRUE,Fandom
Bruce Wayne is a Good Parent,9,TRUE,Fandom
Bruce Wayne is Batman,2,TRUE,Fandom
Bucky Barnes Needs a Hug,4,TRUE,Fandom
Bullying,15,FALSE,Dark
But also not,2,FALSE,Meta 
But He Gets Better,2,FALSE,Angst
but it does get better,2,FALSE,Angst
but like,2,FALSE,Meta 
but not really,2,FALSE,Meta 
Cannibalism,4,FALSE,Dark
Canon Compliant,22,FALSE,Canon
Canon Disabled Character,2,FALSE,Canon
Canon Divergence,2,FALSE,Canon
Canon Era,6,FALSE,Canon
Canon Universe,4,FALSE,Canon
Canon-Typical Violence,49,FALSE,Canon
Canonical Character Death,9,TRUE,Fandom
Canonical Child Abuse,3,FALSE,Canon
Captivity,2,FALSE,Angst
Car Accidents,2,FALSE,Angst
Car Chases,2,FALSE,Action
Car Sex,3,FALSE,Sex
Case Fic,6,FALSE,Meta 
Cats,3,FALSE,Other
Celebrity Crush,2,FALSE,Romance
Chaotic Midoriya Izuku,3,TRUE,Fandom
Character Death,17,TRUE,Fandom
Character Death Fix,2,TRUE,Fandom
Character Development,6,FALSE,Meta 
Character Study,9,FALSE,Meta 
Characters Are Pro Heroes (My Hero Academia),2,TRUE,Fandom
Characters Watching Their Series,2,FALSE,Meta 
Chatting & Messaging,4,FALSE,Meta 
Child Abandonment,3,FALSE,Angst
Child Abuse,17,FALSE,Abuse
Child Death,2,TRUE,Fandom
Child Neglect,11,FALSE,Abuse
Childhood Friends,6,FALSE,Family
Chronic Illness,2,FALSE,Mental Health
Cinnamon Roll Midoriya Izuku,2,TRUE,Fandom
Civil War Fix-It,2,FALSE,Alternate Universe
civil war never happened,2,FALSE,Alternate Universe
Civil War Team Iron Man,9,TRUE,Fandom
Class 1-A as Family (My Hero Academia),7,TRUE,Fandom
Class 1-A Shenanigans (My Hero Academia),11,TRUE,Fandom
Cock Warming,2,FALSE,Sex
Codependency,3,FALSE,Angst
Coffee Shops,2,FALSE,Other
Cohabitation,2,FALSE,Romance
Collars,2,FALSE,Sex
College AU,2,FALSE,Alternate Universe
College Student Midoriya Izuku,2,TRUE,Fandom
Coma,4,FALSE,Angst
Come Eating,2,FALSE,Sex
Comedy,6,FALSE,Fluff
Comfort,2,FALSE,Angst
Coming of Age,5,FALSE,Angst
Coming Out,13,FALSE,Romance
Coming Untouched,3,FALSE,Sex
Communication,4,FALSE,Meta 
Community: hd_erised,2,FALSE,Meta 
Competence Kink,2,FALSE,Sex
Complete,10,FALSE,Meta 
complete fic,2,FALSE,Meta 
Complicated Relationships,2,FALSE,Angst
compliments,2,FALSE,Romance
Confessions,7,FALSE,Romance
Confident Midoriya Izuku,5,TRUE,Fandom
Consent Issues,3,FALSE,Sex
Consequences,3,TRUE,Fandom
Conspiracy Theories,2,FALSE,Meta 
Cooking,3,FALSE,Other
Coulson Lives,2,FALSE,Meta 
Courting Rituals,2,FALSE,Romance
Courtroom Drama,3,FALSE,Meta 
Courtship,9,FALSE,Romance
Crack,26,FALSE,Substance
Crack Treated Seriously,29,FALSE,Substance
Creampie,2,FALSE,Sex
Creature Fic,2,FALSE,Magic
Creature Inheritance,2,FALSE,Magic
Crimes & Criminals,2,FALSE,Action
Cross-Posted on Wattpad,2,TRUE,Fandom
Crossdressing,2,FALSE,Other
Crossover,9,FALSE,Alternate Universe
Crossovers & Fandom Fusions,4,FALSE,Alternate Universe
Crushes,3,FALSE,Romance
Crying,7,FALSE,Angst
Cuddling,5,FALSE,Romance
Cuddling & Snuggling,15,FALSE,Romance
Cultural Differences,2,FALSE,Angst
Cunnilingus,3,FALSE,Sex
Curses,2,FALSE,Magic
cursing,4,FALSE,Meta 
Cute,3,FALSE,Fluff
Cute Midoriya Izuku,10,TRUE,Fandom
Dabi is a Todoroki,2,TRUE,Fandom
Dabi is Todoroki Touya,7,TRUE,Fandom
Daddy Issues,2,FALSE,Mental Health
Daddy Kink,2,FALSE,Sex
Dadmic,2,TRUE,Fandom
dadmight,5,TRUE,Fandom
Dadza,3,TRUE,Fandom
Dadzawa,20,TRUE,Fandom
Dadzawa - An Aizawa Shota Zine,5,TRUE,Fandom
Danny Fenton Needs A Hug,3,TRUE,Fandom
Dark,7,FALSE,Dark
Dark Arts,2,FALSE,Dark
Dark Harry,6,TRUE,Fandom
Dark Harry Potter,5,TRUE,Fandom
Dark Humor,2,FALSE,Fluff
Dark Magic,4,FALSE,Dark
Dark SBI,2,FALSE,Dark
Dark Sleepy Bois Inc,5,TRUE,Fandom
dark themes,2,FALSE,Dark
Dating,2,FALSE,Romance
Dazai-Typical Suicide Mentions (Bungou Stray Dogs),2,TRUE,Fandom
Dead Dove: Do Not Eat,3,FALSE,Meta 
Dead Midoriya Inko,6,TRUE,Fandom
Deaf Bakugou Katsuki,2,TRUE,Fandom
Deaf Character,2,FALSE,Other
Deaf Clint Barton,3,TRUE,Fandom
Deaf Yamada Hizashi | Present Mic,4,TRUE,Fandom
Death,2,TRUE,Fandom
Death Eater Draco Malfoy,2,TRUE,Fandom
Declarations Of Love,2,FALSE,Romance
Dekusquad (My Hero Academia),2,TRUE,Fandom
Demisexuality,3,FALSE,Sex
Denial,2,FALSE,Angst
Denial of Feelings,2,FALSE,Angst
Depressed Midoriya Izuku,4,TRUE,Fandom
Depression,11,FALSE,Mental Health
descriptions of injuries,2,FALSE,Meta 
Desk Sex,2,FALSE,Sex
Desperation,2,FALSE,Angst
Developing Relationship,11,FALSE,Romance
Digital Art,2,FALSE,Meta 
Dimension Travel,6,FALSE,Alternate Universe
Dirty Talk,19,FALSE,Sex
Disability,3,FALSE,Other
Disabled Character,3,FALSE,Other
Discrimination,3,FALSE,Dark
Disordered Eating,2,FALSE,Mental Health
Dissociation,6,FALSE,Mental Health
disturbing imagery,2,FALSE,Dark
Disturbing Themes,2,FALSE,Dark
Divorced Todoroki Enji | Endeavor/Todoroki Rei,2,TRUE,Fandom
do not copy to another site,5,FALSE,Meta 
Do not repost,8,FALSE,Meta 
Do-Over,4,FALSE,Alternate Universe
Dom/sub,5,FALSE,Sex
Dom/sub Undertones,5,FALSE,Sex
Domestic,5,FALSE,Family
Domestic Avengers,6,TRUE,Fandom
Domestic Fluff,17,FALSE,Fluff
Domestic Violence,4,FALSE,Abuse
Dominance,3,FALSE,Sex
Don't copy to another site,25,FALSE,Meta 
Don't Post To Another Site,2,FALSE,Meta 
dorlene,2,TRUE,Fandom
Dorm Shenanigans,2,FALSE,Fluff
Draco Malfoy & Harry Potter Friendship,2,TRUE,Fandom
Draco Malfoy in the Muggle World,2,TRUE,Fandom
Draco Malfoy Needs a Hug,4,TRUE,Fandom
Drama,19,FALSE,Angst
Drinking,5,FALSE,Substance
Drowning,3,FALSE,Angst
Drugs,3,FALSE,Substance
Drunk Sex,2,FALSE,Sex
Drunken Shenanigans,2,FALSE,Fluff
Dry Humping,5,FALSE,Sex
Dry Orgasm,2,FALSE,Sex
Dubious Consent,12,FALSE,Sex
Dubious Morality,4,FALSE,Meta 
Duelling,2,FALSE,Action
Dumbledore Bashing,3,TRUE,Fandom
Dysfunctional Family,5,FALSE,Family
Eating Disorder Not Otherwise Specified,2,FALSE,Mental Health
Eating Disorders,4,FALSE,Mental Health
Eddie Munson Has ADHD,2,TRUE,Fandom
Emissary Stiles Stilinski,2,TRUE,Fandom
Emotional Abuse,2,FALSE,Abuse
Emotional Constipation,2,FALSE,Angst
Emotional Hurt/Comfort,45,FALSE,Angst
Emotional Manipulation,10,FALSE,Abuse
Emotional/Psychological Abuse,8,FALSE,Abuse
Endearments,3,FALSE,Romance
endeavor's a+ parenting,5,TRUE,Fandom
Enemies to Friends,7,FALSE,Family
Enemies to Friends to Lovers,17,FALSE,Romance
Enemies to Lovers,21,FALSE,Romance
Enemy to Caretaker,2,FALSE,Romance
Ensemble Cast,3,FALSE,Meta 
Enthusiastic Consent,2,FALSE,Sex
Epic Friendship,2,FALSE,Family
Epilogue What Epilogue,2,FALSE,Meta 
Epistolary,2,FALSE,Meta 
Espionage,2,FALSE,Action
Established Aizawa Shouta | Eraserhead/Yamada Hizashi | Present Mic,2,TRUE,Fandom
Established Relationship,23,FALSE,Romance
Euphemisms,2,FALSE,Other
Eventual Happy Ending,11,FALSE,Fluff
eventual identity reveal,2,FALSE,Meta 
Eventual reveal,2,FALSE,Meta 
Eventual Romance,7,FALSE,Romance
Eventual Smut,22,FALSE,Sex
eventually,6,FALSE,Meta 
Everybody Lives,2,FALSE,Fluff
Everyone Is Alive,6,TRUE,Fandom
everyone is confused,2,TRUE,Fandom
Everyone Needs A Hug,4,TRUE,Fandom
EWE,3,FALSE,Alternate Universe
Exhibitionism,4,FALSE,Sex
Explicit Consent,4,FALSE,Sex
Explicit Language,16,FALSE,Meta 
Explicit Sexual Content,20,FALSE,Sex
Extremely Dubious Consent,2,FALSE,Sex
Face-Fucking,4,FALSE,Sex
Fake Marriage,2,FALSE,Romance
Fake/Pretend Relationship,22,FALSE,Romance
Falling In Love,25,FALSE,Romance
Families of Choice,23,FALSE,Family
Family,13,FALSE,Family
Family Drama,4,FALSE,Family
Family Dynamics,5,FALSE,Family
Family Feels,10,FALSE,Family
Family Fluff,7,FALSE,Family
Family Issues,3,FALSE,Family
Fanart,9,FALSE,Meta 
fanboy!hero deku,2,TRUE,Fandom
Father-Son Relationship,9,FALSE,Family
Fatherhood,2,FALSE,Family
Feels,3,FALSE,Angst
Female Friendship,2,FALSE,Family
Female Harry Potter,2,TRUE,Fandom
Feral Behavior,3,FALSE,Magic
Feral Midoriya Izuku,2,TRUE,Fandom
Field Trip,8,FALSE,Action
Finally,2,FALSE,Meta 
Fingerfucking,2,FALSE,Sex
Fire Hazard Siblings,2,FALSE,Family
Fire Lord Zuko,6,TRUE,Fandom
Fire Nation (Avatar),2,TRUE,Fandom
First Kiss,29,FALSE,Romance
First Meetings,4,FALSE,Romance
First Time,50,FALSE,Sex
First Times,2,FALSE,Romance
First War with Voldemort,4,TRUE,Fandom
Fix-It,28,FALSE,Alternate Universe
Fix-It of Sorts,11,FALSE,Alternate Universe
flangst,3,FALSE,Angst
Flashbacks,6,FALSE,Meta 
Flirting,4,FALSE,Romance
Fluff,183,FALSE,Fluff
Fluff and Angst,57,FALSE,Fluff
Fluff and Crack,5,FALSE,Fluff
Fluff and Humor,25,FALSE,Fluff
Fluff and Hurt/Comfort,4,FALSE,Fluff
Fluff and Smut,16,FALSE,Sex
flustered Tony,2,TRUE,Fandom
Food Issues,2,FALSE,Mental Health
Forced Bonding,3,FALSE,Romance
Forced Marriage,3,FALSE,Angst
Forced Orgasm,2,FALSE,Sex
Forced Proximity,2,FALSE,Angst
Forgiveness,2,FALSE,Romance
Foster Care,2,FALSE,Family
Found Family,27,FALSE,Family
Frenemies,2,FALSE,Romance
Friends to Lovers,34,FALSE,Romance
Friends With Benefits,14,FALSE,Family
Friendship,30,FALSE,Family
Friendship/Love,2,FALSE,Romance
Frottage,12,FALSE,Sex
Fuck Or Die,2,FALSE,Sex
Fuckbuddies,2,FALSE,Sex
Full Shift Werewolves,2,FALSE,Magic
Funny,2,FALSE,Fluff
Future Fic,14,FALSE,Alternate Universe
Gang Violence,2,FALSE,Action
Gay Eddie Munson,5,TRUE,Fandom
gender neutral reader,2,TRUE,Fandom
Genius Midoriya Izuku,9,TRUE,Fandom
Genius Peter Parker,2,TRUE,Fandom
getting drunk,2,FALSE,Substance
Getting Together,35,FALSE,Romance
Ghost King Danny Fenton,5,TRUE,Fandom
Ghosts,5,FALSE,Magic
Ginny Weasley Bashing,2,TRUE,Fandom
Glasses,2,FALSE,Meta 
Good Draco Malfoy,2,TRUE,Fandom
Good Parent Bakugou Masaru,2,TRUE,Fandom
Good Parent Bakugou Mitsuki,2,TRUE,Fandom
Good Parent Midoriya Hisashi,4,TRUE,Fandom
Good Parent Midoriya Inko,6,TRUE,Fandom
Good Parent Phil Watson (Video Blogging RPF),6,TRUE,Fandom
Good Severus Snape,4,TRUE,Fandom
Good Slytherins,5,TRUE,Fandom
Good Tom Riddle,3,FALSE,Alternate Universe
Gore,6,FALSE,Dark
Graphic Description,2,FALSE,Meta 
Graphic Violence,3,FALSE,Dark
Gratuitous Smut,2,FALSE,Sex
Grey Harry,2,TRUE,Fandom
Grief,2,FALSE,Mental Health
Grief/Mourning,7,FALSE,Mental Health
Grimmauld Place,5,FALSE,Canon
Grinding,2,FALSE,Sex
Gringotts Wizarding Bank,2,TRUE,Fandom
Growing Up,2,FALSE,Angst
Guilt,4,FALSE,Angst
Gun Violence,4,FALSE,Dark
Gun Wielding Midoriya Izuku,2,TRUE,Fandom
Hacker Midoriya Izuku,5,TRUE,Fandom
Hair Kink,2,FALSE,Sex
Hair-pulling,2,FALSE,Sex
Hale Family Feels,2,TRUE,Fandom
Hallucinations,3,FALSE,Mental Health
Hand & Finger Kink,2,FALSE,Sex
Hand Jobs,19,FALSE,Sex
Handcuffs,2,FALSE,Sex
Handkerchief Code,2,FALSE,Meta 
hangugeo Translation,2,FALSE,Meta 
Hannibal is a Cannibal,2,TRUE,Fandom
Hannibal is Hannibal,5,TRUE,Fandom
Happy,2,FALSE,Fluff
Happy Ending,33,FALSE,Fluff
happy endings,2,FALSE,Fluff
Harems,2,FALSE,Romance
Harry Potter Epilogue What Epilogue | EWE,11,TRUE,Fandom
Harry Potter is a Horcrux,7,TRUE,Fandom
Harry Potter is Bad at Feelings,2,TRUE,Fandom
Harry Potter is So Done,2,TRUE,Fandom
Harry Potter Needs a Hug,3,TRUE,Fandom
Hatake Kakashi Needs a Hug,2,TRUE,Fandom
Hatake Kakashi-centric,2,TRUE,Fandom
Hate Sex,3,FALSE,Sex
Hate to Love,7,FALSE,Romance
HEA,3,FALSE,Fluff
Healer Draco Malfoy,2,TRUE,Fandom
Healer Hermione Granger,4,TRUE,Fandom
Healing,7,FALSE,Mental Health
Healthy Relationships,2,FALSE,Romance
Heavy Angst,10,FALSE,Angst
Hermione Granger Bashing,2,TRUE,Fandom
Hero Phil Watson (Video Blogging RPF),2,TRUE,Fandom
Hero Public Safety Commission Bashing (My Hero Academia),2,TRUE,Fandom
Hero Technoblade (Video Blogging RPF),2,TRUE,Fandom
Hero TommyInnit (Video Blogging RPF),2,TRUE,Fandom
Hero Wilbur Soot,2,TRUE,Fandom
Hero Worship,2,FALSE,Meta 
Hijinks & Shenanigans,3,FALSE,Fluff
Historical Inaccuracy,4,FALSE,Meta 
Hogwarts,2,TRUE,Fandom
Hogwarts Eighth Year,27,TRUE,Fandom
Hogwarts Era,2,TRUE,Fandom
Hogwarts Fifth Year,2,TRUE,Fandom
Hogwarts Sixth Year,2,TRUE,Fandom
Homeless Midoriya Izuku,2,TRUE,Fandom
Homeless Peter Parker,2,TRUE,Fandom
Homelessness,3,FALSE,Angst
Homesickness,2,FALSE,Angst
Homophobia,9,FALSE,Dark
Homophobic Language,5,FALSE,Meta 
Homophobic Slurs,2,FALSE,Dark
Hopeful Ending,2,FALSE,Fluff
Horcrux Hunting,2,TRUE,Fandom
Horcruxes,5,TRUE,Fandom
Horror,3,FALSE,Dark
Hospital,2,FALSE,Angst
Hospitals,4,FALSE,Other
Hostage Situations,2,FALSE,Angst
How Do I Tag,4,FALSE,Meta 
Howard Stark's A+ Parenting,3,TRUE,Fandom
Howard Stark's Bad Parenting,2,TRUE,Fandom
HP: EWE,14,TRUE,Fandom
Human Jeon Jungkook,2,TRUE,Fandom
Humor,114,FALSE,Fluff
Humour,4,FALSE,Fluff
Hurt,2,FALSE,Angst
Hurt Bakugou Katsuki,2,TRUE,Fandom
Hurt Midoriya Izuku,3,TRUE,Fandom
Hurt Peter,4,TRUE,Fandom
Hurt Peter Parker,5,TRUE,Fandom
Hurt Steve Harrington,2,TRUE,Fandom
Hurt TommyInnit (Video Blogging RPF),4,TRUE,Fandom
Hurt Tony Stark,2,TRUE,Fandom
Hurt Zuko (Avatar),2,TRUE,Fandom
Hurt/Comfort,146,FALSE,Angst
I add tags and relationships as I write,2,FALSE,Meta 
I Don't Even Know,3,FALSE,Meta 
I swear,2,FALSE,Meta 
I Wrote This Instead of Sleeping,5,FALSE,Meta 
I'm Sorry,2,FALSE,Meta 
Identity Issues,3,FALSE,Angst
Identity Porn,11,FALSE,Sex
Identity Reveal,29,FALSE,Action
Idiots in Love,13,FALSE,Romance
idiots to lovers,3,FALSE,Romance
Iida Tenya is a Good Friend,2,TRUE,Fandom
Illustrated,3,FALSE,Meta 
Illustrations,5,FALSE,Meta 
Immortal Harry,2,TRUE,Fandom
Implied Sexual Content,3,FALSE,Sex
Implied/Referenced Abuse,2,FALSE,Abuse
Implied/Referenced Alcohol Abuse/Alcoholism,3,FALSE,Substance
Implied/Referenced Character Death,2,TRUE,Fandom
Implied/Referenced Cheating,3,FALSE,Angst
Implied/Referenced Child Abuse,48,FALSE,Abuse
Implied/Referenced Drug Use,2,FALSE,Substance
Implied/Referenced Homophobia,3,FALSE,Dark
Implied/Referenced Rape/Non-con,4,FALSE,Abuse
Implied/Referenced Self-Harm,5,FALSE,Mental Health
Implied/Referenced Sexual Assault,6,FALSE,Sex
Implied/Referenced Suicide,7,FALSE,Mental Health
Implied/Referenced Suicide attempt,2,FALSE,Mental Health
Imprisonment,3,FALSE,Angst
infinity war arc but better,2,FALSE,Alternate Universe
Injury,10,FALSE,Dark
Injury Recovery,4,FALSE,Angst
Insecurity,4,FALSE,Angst
Insomnia,5,FALSE,Mental Health
Intercrural Sex,2,FALSE,Sex
Intern Peter Parker,2,TRUE,Fandom
Internalized Homophobia,12,FALSE,Mental Health
Interns & Internships,3,FALSE,Other
Intimacy,3,FALSE,Romance
Irondad,4,TRUE,Fandom
irregular updates,2,FALSE,Meta 
It Gets Worse Before It Gets Better,10,FALSE,Angst
Izuku Sees Dead People,2,TRUE,Fandom
Jaskier | Dandelion Has a Past,3,TRUE,Fandom
Jaskier | Dandelion Whump,2,TRUE,Fandom
Jason Todd is a Batfamily Member,2,TRUE,Fandom
Jason Todd Needs A Hug,2,TRUE,Fandom
Jealousy,15,FALSE,Romance
Jegulus,4,TRUE,Fandom
Jeon Jungkook is Bad at Feelings,2,TRUE,Fandom
jily,2,FALSE,Meta 
Jotunn Loki (Marvel),2,TRUE,Fandom
Kaer Morhen's Fanon Hot Springs (The Witcher),2,TRUE,Fandom
Kaminari Denki Has ADHD,2,TRUE,Fandom
Kid Fic,16,FALSE,Meta 
Kid Midoriya Izuku,2,TRUE,Fandom
Kid Tim Drake,2,TRUE,Fandom
Kidfic,2,FALSE,Family
Kidnapping,22,FALSE,Action
kind of,7,FALSE,Meta 
Kinda,5,FALSE,Meta 
Kink Negotiation,4,FALSE,Sex
Kirishima Eijirou is a Good Friend,5,TRUE,Fandom
Kissing,12,FALSE,Romance
Knifeplay,2,FALSE,Sex
Knotting,19,FALSE,Sex
Korean Translation,2,FALSE,Meta 
Kurogiri is Not Shirakumo Oboro,3,TRUE,Fandom
Lacrosse Player Derek,2,TRUE,Fandom
ladrien,5,TRUE,Fandom
LadyNoir - Freeform,6,TRUE,Fandom
Language,3,FALSE,Meta 
Language Barrier,2,FALSE,Angst
Laughter During Sex,3,FALSE,Sex
Lawyer Kim Taehyung | V,2,TRUE,Fandom
League of Villains as Family (My Hero Academia),4,TRUE,Fandom
Legilimency,2,FALSE,Magic
Legilimency (Harry Potter),2,TRUE,Fandom
Lies,2,FALSE,Angst
Light Angst,12,FALSE,Angst
Light Bondage,6,FALSE,Sex
Light Dom/sub,2,FALSE,Sex
Like,2,FALSE,Meta 
Literal Sleeping Together,6,FALSE,Sex
LITERALLY,2,FALSE,Meta 
Living Together,3,FALSE,Romance
long fic,2,FALSE,Meta 
Loss of Trust,2,FALSE,Angst
Loss of Virginity,9,FALSE,Sex
lots of fluff,2,FALSE,Fluff
Love at First Sight,2,FALSE,Romance
Love Confessions,11,FALSE,Romance
Love/Hate,3,FALSE,Romance
Magic,11,FALSE,Magic
Magic Reveal,2,FALSE,Magic
Magic Revealed,7,FALSE,Magic
Magic!Stiles,3,FALSE,Alternate Universe
Magical Accidents,3,FALSE,Magic
Magical Stiles Stilinski,2,TRUE,Fandom
Magical Tattoos,2,FALSE,Magic
Magically Powerful Harry Potter,7,TRUE,Fandom
Major Character Injury,8,FALSE,Dark
Making Out,4,FALSE,Romance
Male Friendship,2,FALSE,Family
Male Lactation,2,FALSE,Sex
Male Slash,2,FALSE,Romance
Male-Female Friendship,2,FALSE,Family
Malfoy Manor,2,TRUE,Fandom
Manga Spoilers,4,FALSE,Meta 
Manipulation,7,FALSE,Dark
Manipulative Albus Dumbledore,11,TRUE,Fandom
Manipulative Dumbledore,2,TRUE,Fandom
Manipulative Tom Riddle,3,TRUE,Fandom
Marathon Sex,2,FALSE,Sex
Marauders,4,TRUE,Fandom
Marauders Era (Harry Potter),4,TRUE,Fandom
Marauders' Era,2,TRUE,Fandom
Marichat,6,FALSE,Meta 
Marinette Dupain-Cheng | Ladybug Identity Reveal,2,TRUE,Fandom
Marking,3,FALSE,Romance
Marriage,3,FALSE,Romance
Marriage Proposal,2,FALSE,Romance
Married Aizawa Shouta | Eraserhead/Yamada Hizashi | Present Mic,3,TRUE,Fandom
Massage,3,FALSE,Romance
Master of Death,2,TRUE,Fandom
Master of Death Harry Potter,12,TRUE,Fandom
Master/Pet,2,FALSE,Sex
Masturbation,22,FALSE,Sex
Mates,5,FALSE,Romance
Mating,5,FALSE,Romance
Mating Bond,3,FALSE,Romance
Mating Cycles/In Heat,15,FALSE,Romance
Matt Murdock Needs a Hug,2,TRUE,Fandom
Maybe - Freeform,4,FALSE,Meta 
media fic,2,FALSE,Meta 
Medical Inaccuracies,3,FALSE,Meta 
Meet-Cute,2,FALSE,Romance
Memory Loss,6,FALSE,Angst
Mental Health Issues,19,FALSE,Mental Health
Mental Instability,2,FALSE,Mental Health
mentions of bullying,2,FALSE,Angst
Mentions of Suicide,3,FALSE,Mental Health
Mentor Aizawa Shouta | Eraserhead,4,TRUE,Fandom
Mentor Akaguro Chizome | Stain,2,TRUE,Fandom
Mentor Nedzu (My Hero Academia),4,TRUE,Fandom
Mentor Severus Snape,4,TRUE,Fandom
Mentor/Protege,2,FALSE,Family
Midoriya Hisashi's Bad Parenting,3,TRUE,Fandom
Midoriya Inko's Bad Parenting,4,TRUE,Fandom
Midoriya Izuku & Shigaraki Tomura | Shimura Tenko Are Siblings,2,TRUE,Fandom
Midoriya Izuku & Shinsou Hitoshi Friendship,6,TRUE,Fandom
Midoriya Izuku Does Not Go to U.A. High School,2,TRUE,Fandom
Midoriya Izuku Does Not Have One for All Quirk,26,TRUE,Fandom
Midoriya Izuku Gets Hit by a Quirk,2,TRUE,Fandom
Midoriya Izuku Has a Healing Quirk,3,TRUE,Fandom
Midoriya Izuku Has a Knife,3,TRUE,Fandom
Midoriya Izuku Has a Quirk,23,TRUE,Fandom
Midoriya Izuku Has All for One Quirk,5,TRUE,Fandom
Midoriya Izuku Has Chronic Pain,2,TRUE,Fandom
Midoriya Izuku Has Multiple Quirks,3,TRUE,Fandom
Midoriya Izuku Has One for All Quirk,17,TRUE,Fandom
Midoriya Izuku Has PTSD - Post-Traumatic Stress Disorder,2,TRUE,Fandom
Midoriya Izuku Has Trust Issues,4,TRUE,Fandom
Midoriya Izuku is a Dork,5,TRUE,Fandom
Midoriya Izuku is a Good Friend,2,TRUE,Fandom
Midoriya Izuku is a Little Shit,12,TRUE,Fandom
Midoriya Izuku is a Nerd,2,TRUE,Fandom
Midoriya Izuku is a Problem Child,3,TRUE,Fandom
Midoriya Izuku is a Ray of Sunshine,13,TRUE,Fandom
Midoriya Izuku is a villain magnet,2,TRUE,Fandom
Midoriya Izuku is Bad at Feelings,2,TRUE,Fandom
Midoriya Izuku is So Done,2,TRUE,Fandom
Midoriya Izuku Needs A Hug,19,TRUE,Fandom
Midoriya Izuku Swears,7,TRUE,Fandom
Mild Angst,2,FALSE,Angst
Mild Gore,4,FALSE,Dark
Mild Hurt/Comfort,2,FALSE,Angst
Mild Kink,2,FALSE,Sex
Mild Language,2,FALSE,Meta 
Mildly Dubious Consent,6,FALSE,Sex
Mind Control,5,FALSE,Angst
Mind Games,5,FALSE,Angst
Mineta Minoru is Expelled from U.A. High School,9,TRUE,Fandom
Minor Aizawa Shouta | Eraserhead/Yamada Hizashi | Present Mic,5,TRUE,Fandom
Minor Angst,2,FALSE,Angst
Minor Character Death,30,TRUE,Fandom
Minor Midoriya Izuku/Todoroki Shouto,3,TRUE,Fandom
Minor Original Character(s),7,TRUE,Fandom
Minor Sirius Black/Remus Lupin,2,TRUE,Fandom
Minor Violence,5,FALSE,Dark
Miscommunication,21,FALSE,Angst
Misguided Albus Dumbledore,2,TRUE,Fandom
Missing Scene,2,FALSE,Meta 
Mistaken Identity,6,FALSE,Action
Misunderstandings,36,FALSE,Angst
Modern AU,5,FALSE,Alternate Universe
Modern Era,2,FALSE,Alternate Universe
Molly Weasley Bashing,2,TRUE,Fandom
Moral Ambiguity,3,FALSE,Dark
Morally Ambiguous Character,3,FALSE,Meta 
Morally Ambiguous Midoriya Izuku,2,TRUE,Fandom
Morally Grey,2,FALSE,Dark
Morally Grey Harry Potter,4,TRUE,Fandom
Mortal enemies with benefits,2,FALSE,Romance
Motorcycles,2,FALSE,Other
Movie Night,2,FALSE,Meta 
Mpreg,12,FALSE,Sex
Muggle/Wizard Relations,2,TRUE,Fandom
Multiple Orgasms,9,FALSE,Sex
Murder,4,FALSE,Angst
Murder Husbands,6,FALSE,Romance
Mute Midoriya Izuku,2,TRUE,Fandom
Mutual Pining,50,FALSE,Angst
My headcanon is a kinder universe than the MCU,2,FALSE,Canon
My Hero Academia: Vigilantes Spoilers,3,TRUE,Fandom
Mystery,12,FALSE,Dark
Mythical Beings & Creatures,4,FALSE,Magic
Near Death Experiences,7,TRUE,Fandom
Necromancer Harry Potter,2,TRUE,Fandom
Ned Leeds is a Good Bro,3,TRUE,Fandom
Nedzu is a Little Shit (My Hero Academia),2,TRUE,Fandom
Needles,2,FALSE,Angst
Neglectful Midoriya Inko,2,TRUE,Fandom
Neighbors,2,FALSE,Other
Nesting,3,FALSE,Magic
New York City,3,FALSE,Meta 
Nightmares,6,FALSE,Angst
Nipple Play,2,FALSE,Sex
No Angst,3,FALSE,Angst
no beta we die like jason,2,TRUE,Fandom
no beta we die like men,3,FALSE,Meta 
No character bashing,4,FALSE,Meta 
No Romance,3,FALSE,Meta 
non binary pidge,2,FALSE,Meta 
Non-Consensual Drug Use,3,FALSE,Substance
Non-Consensual Touching,3,FALSE,Abuse
Non-Human Jaskier | Dandelion,2,TRUE,Fandom
Non-Linear Narrative,2,FALSE,Meta 
Non-Sexual Intimacy,2,FALSE,Sex
Not A Fix-It,3,FALSE,Alternate Universe
Not Actually Unrequited Love,5,FALSE,Romance
Not Avengers: Endgame (Movie) Compliant,4,TRUE,Fandom
Not Avengers: Infinity War Part 1 (Movie) Compliant,7,TRUE,Fandom
Not Beta Read,4,FALSE,Meta 
Not Canon Compliant,10,FALSE,Canon
Not Canon Compliant - Harry Potter and the Goblet of Fire,2,TRUE,Fandom
Not Captain America: Civil War (Movie) Compliant,3,TRUE,Fandom
Not Clint Barton Friendly,2,TRUE,Fandom
Not Epilogue Compliant,4,FALSE,Canon
Not Phantom Planet Compliant (Danny Phantom),3,TRUE,Fandom
Not Really Character Death,3,TRUE,Fandom
Not Spider-Man: Far From Home Compliant,2,TRUE,Fandom
Not Steve Rogers Friendly,4,TRUE,Fandom
Not Wanda Maximoff Friendly,2,TRUE,Fandom
NSFW Art,2,FALSE,Meta 
Oblivious,2,FALSE,Other
Oblivious Bakugou Katsuki,4,TRUE,Fandom
Oblivious Harry,3,TRUE,Fandom
Oblivious Harry Potter,2,TRUE,Fandom
oblivious idiots,2,FALSE,Meta 
Oblivious Midoriya Izuku,3,TRUE,Fandom
Oblivious Steve Rogers,3,TRUE,Fandom
Oblivious Tony,2,TRUE,Fandom
Obliviousness,4,FALSE,Other
Obsession,3,FALSE,Angst
Obsessive Behavior,2,FALSE,Angst
Office Sex,3,FALSE,Sex
oh my god they were roommates,2,FALSE,Meta 
Old People Brigade,2,FALSE,Meta 
Older Sibling Wilbur Soot,2,TRUE,Fandom
Older Siblings Wilbur Soot and Technoblade,4,TRUE,Fandom
Omega Stiles Stilinski,3,TRUE,Fandom
Omega Will,2,TRUE,Fandom
On Hiatus,2,TRUE,Fandom
One For All Quirk Haunted by Past One For All Users' Ghosts (My Hero Academia),2,TRUE,Fandom
One For All Quirk is Revealed (My Hero Academia),2,TRUE,Fandom
One Shot,5,FALSE,Meta 
One Shot Collection,2,FALSE,Meta 
Oneshot,2,FALSE,Meta 
Online Friendship,4,FALSE,Family
Oral Sex,23,FALSE,Sex
Order of the Phoenix (Harry Potter),2,TRUE,Fandom
Orgasm Delay/Denial,5,FALSE,Sex
Original Character Death(s),2,TRUE,Fandom
Original Character(s),9,TRUE,Fandom
Original Characters - Freeform,2,TRUE,Fandom
Originally Posted on LiveJournal,3,TRUE,Fandom
OT7,2,FALSE,Meta 
Other Additional Tags to Be Added,23,FALSE,Meta 
outsider pov,3,FALSE,Meta 
Overpowered Midoriya Izuku,6,TRUE,Fandom
Overstimulation,6,FALSE,Sex
Owls,4,FALSE,Canon
Ozai (Avatar) Being a Terrible Parent,7,TRUE,Fandom
Ozai (Avatar) is an Asshole,3,TRUE,Fandom
Pack Dynamics,9,FALSE,Family
Pack Family,2,FALSE,Family
Pack Feels,7,FALSE,Family
Pack Mom Stiles Stilinski,2,TRUE,Fandom
Pagan Festivals,2,FALSE,Meta 
Paganism,2,FALSE,Magic
Panic Attacks,29,FALSE,Mental Health
Pansexual Midoriya Izuku,2,TRUE,Fandom
Parent Harry Potter,2,TRUE,Fandom
Parent Phil Watson (Video Blogging RPF),3,TRUE,Fandom
Parental Kurogiri (My Hero Academia),2,TRUE,Fandom
Parental Tsukauchi Naomasa,4,TRUE,Fandom
Parental Yagi Toshinori | All Might,18,TRUE,Fandom
Parental Yamada Hizashi | Present Mic,12,TRUE,Fandom
Park Jimin Is a Sweetheart,2,TRUE,Fandom
Parseltongue,4,FALSE,Canon
Past Abuse,4,FALSE,Abuse
Past Child Abuse,17,FALSE,Abuse
Past Rape/Non-con,3,FALSE,Abuse
Past Relationship(s),3,FALSE,Romance
Past Sexual Abuse,4,FALSE,Abuse
Past Torture,2,FALSE,Angst
past trauma,2,FALSE,Abuse
Perevod na russkii | Translation in Russian,11,FALSE,Meta 
Period-Typical Homophobia,5,FALSE,Meta 
Personality Swap AU,5,FALSE,Alternate Universe
Peter is an Avenger,2,TRUE,Fandom
Peter Parker Can Wield Mjolnir,2,TRUE,Fandom
Peter Parker is a Little Shit,7,TRUE,Fandom
Peter Parker is a Mess,3,TRUE,Fandom
Peter Parker Meets the Avengers,3,TRUE,Fandom
Peter Parker Needs a Hug,9,TRUE,Fandom
Peter Parker Whump,3,TRUE,Fandom
Peter Parker's Field Trip to Stark Industries,4,TRUE,Fandom
Phil Watson Needs a Hug (Video Blogging RPF),2,TRUE,Fandom
Phone Calls,2,FALSE,Other
Phone Sex,7,FALSE,Sex
Physical Abuse,3,FALSE,Abuse
Pining,54,FALSE,Angst
Pining Bakugou Katsuki,5,TRUE,Fandom
Pining Draco Malfoy,3,TRUE,Fandom
Pining Keith (Voltron),2,TRUE,Fandom
Pining Lance (Voltron),2,TRUE,Fandom
Pining Midoriya Izuku,3,TRUE,Fandom
Platonic Cuddling,7,FALSE,Family
Platonic Soulmates,2,FALSE,Romance
Plot What Plot/Porn Without Plot,2,FALSE,Sex
Podfic Available,19,FALSE,Meta 
Politics,6,FALSE,Meta 
Polyamory,6,FALSE,Romance
Porn,2,FALSE,Sex
Porn Watching,3,FALSE,Sex
Porn with Feelings,4,FALSE,Sex
Porn With Plot,7,FALSE,Sex
Possessive Behavior,19,FALSE,Dark
Possessive Draco Malfoy,2,TRUE,Fandom
Possessive Hannibal,4,TRUE,Fandom
Possessive Tom Riddle,6,TRUE,Fandom
Possessive Voldemort,2,TRUE,Fandom
Post - Deathly Hallows,2,TRUE,Fandom
Post Season 2,4,FALSE,Meta 
Post-Avengers (2012),2,TRUE,Fandom
Post-Canon,24,FALSE,Canon
Post-Captain America: Civil War (Movie),9,TRUE,Fandom
Post-Captain America: The Winter Soldier,2,TRUE,Fandom
Post-Graduation,3,FALSE,Alternate Universe
Post-Hogwarts,10,TRUE,Fandom
post-reveal,2,FALSE,Meta 
Post-Season/Series 03,3,FALSE,Meta 
Post-Series,3,FALSE,Meta 
Post-Spider-Man: Homecoming,2,TRUE,Fandom
Post-Stranger Things 4,2,TRUE,Fandom
Post-Time Skip,2,FALSE,Meta 
Post-Traumatic Stress Disorder - PTSD,31,FALSE,Mental Health
Post-War,10,FALSE,Alternate Universe
Potions,4,FALSE,Canon
Potions Accident,3,FALSE,Canon
POV Alternating,2,FALSE,Meta 
POV Draco Malfoy,3,TRUE,Fandom
POV Harry Potter,4,TRUE,Fandom
POV Hermione Granger,2,TRUE,Fandom
POV Multiple,3,FALSE,Meta 
POV Outsider,15,FALSE,Meta 
POV Remus Lupin,2,TRUE,Fandom
POV Stiles,2,TRUE,Fandom
Power Bottom Kim Taehyung | V,2,TRUE,Fandom
Powerful Harry,3,TRUE,Fandom
Powerful Harry Potter,4,TRUE,Fandom
Praise Kink,18,FALSE,Sex
Pranks and Practical Jokes,2,FALSE,Fluff
Pre-Canon,5,FALSE,Canon
Pre-Serum Steve Rogers,2,TRUE,Fandom
Pre-Slash,4,FALSE,Romance
Precious Peter Parker,5,TRUE,Fandom
Present Tense,4,FALSE,Meta 
Pro Hero Midoriya Izuku,3,TRUE,Fandom
Pro Hero Todoroki Shouto,2,TRUE,Fandom
Prompt Fic,2,FALSE,Meta 
Prophecy,2,FALSE,Magic
Protective Aizawa Shouta,2,TRUE,Fandom
Protective Aizawa Shouta | Eraserhead,15,TRUE,Fandom
Protective Arthur Pendragon (Merlin),2,TRUE,Fandom
Protective Avengers,4,TRUE,Fandom
Protective Bakugou Katsuki,10,TRUE,Fandom
Protective Bucky Barnes,7,TRUE,Fandom
Protective Class 1-A (My Hero Academia),4,TRUE,Fandom
Protective Draco Malfoy,2,TRUE,Fandom
Protective Hannibal,4,TRUE,Fandom
Protective Midoriya Izuku,9,TRUE,Fandom
Protective Peter Parker,3,TRUE,Fandom
Protective Phil Watson (Video Blogging RPF),4,TRUE,Fandom
Protective Shinsou Hitoshi,5,TRUE,Fandom
Protective Sleepy Bois Inc,2,TRUE,Fandom
Protective Steve Harrington,3,TRUE,Fandom
Protective Steve Rogers,5,TRUE,Fandom
Protective Takami Keigo | Hawks,2,TRUE,Fandom
Protective Technoblade (Video Blogging RPF),3,TRUE,Fandom
Protective Todoroki Shouto,3,TRUE,Fandom
Protective Tony Stark,8,TRUE,Fandom
Protective Tsukauchi Naomasa,2,TRUE,Fandom
Protective Wilbur Soot,2,TRUE,Fandom
Protective Yamada Hizashi | Present Mic,5,TRUE,Fandom
Protectiveness,5,FALSE,Romance
Psychological Torture,2,FALSE,Dark
Psychological Trauma,3,FALSE,Abuse
PTSD,6,FALSE,Mental Health
Puberty,2,FALSE,Other
Public Display of Affection,2,FALSE,Romance
puns,2,FALSE,Fluff
Puppy Piles,2,FALSE,Family
Pureblood Politics (Harry Potter),5,TRUE,Fandom
Queerplatonic Relationships,5,FALSE,Romance
Quidditch,6,TRUE,Fandom
Quirk Accident (My Hero Academia),3,TRUE,Fandom
Quirk Analysis (My Hero Academia),5,TRUE,Fandom
Quirk Discrimination (My Hero Academia),9,TRUE,Fandom
Quirk Shenanigans (My Hero Academia),2,TRUE,Fandom
Quirkless Discrimination (My Hero Academia),8,TRUE,Fandom
Quirkless Midoriya Izuku,30,TRUE,Fandom
Quirkless People with Extra Toe Joints Wear Custom Sneakers | Red Shoe Theory (My Hero Academia),3,TRUE,Fandom
Ranboo & TommyInnit Friendship (Video Blogging RPF),3,TRUE,Fandom
Rape/Non-con Elements,4,FALSE,Abuse
Rated For Violence,2,FALSE,Meta 
Ravenclaw Harry,2,TRUE,Fandom
Ravenclaw Hermione Granger,2,TRUE,Fandom
Reader-Insert,2,FALSE,Meta 
Reconciliation,3,FALSE,Romance
Recovery,9,FALSE,Mental Health
Recreational Drug Use,6,FALSE,Substance
Redeemed Draco Malfoy,2,TRUE,Fandom
Redemption,6,FALSE,Angst
References to Depression,2,FALSE,Mental Health
Reincarnation,5,FALSE,Alternate Universe
Relationship Reveal,2,FALSE,Romance
Requited Love,2,FALSE,Romance
Resolved Sexual Tension,4,FALSE,Sex
Restraints,2,FALSE,Sex
Resurrection,2,FALSE,Magic
Retirement,2,FALSE,Other
Reveal,2,FALSE,Other
Reveal Fic,2,FALSE,Meta 
Riding,4,FALSE,Sex
Rimming,33,FALSE,Sex
Rivals,2,FALSE,Angst
Rivals to Lovers,2,FALSE,Romance
Romance,59,FALSE,Romance
Romantic Comedy,4,FALSE,Fluff
Romantic Fluff,2,FALSE,Fluff
Ron Weasley Bashing,3,TRUE,Fandom
Roommates,2,FALSE,Other
Rosekiller,2,TRUE,Fandom
Rough Kissing,3,FALSE,Romance
Rough Sex,11,FALSE,Sex
Sadism,2,FALSE,Sex
Sam Is An Avenger,2,TRUE,Fandom
Sane Tom Riddle,5,TRUE,Fandom
Sane Voldemort,2,TRUE,Fandom
Sane Voldemort (Harry Potter),5,TRUE,Fandom
Sarcasm,2,FALSE,Fluff
Sassy Harry Potter,5,TRUE,Fandom
Sassy Midoriya Izuku,8,TRUE,Fandom
Sassy Will Graham,4,TRUE,Fandom
Scars,3,FALSE,Angst
Scary Midoriya Izuku,10,TRUE,Fandom
Scent Kink,7,FALSE,Sex
Scent Marking,11,FALSE,Romance
Scenting,6,FALSE,Romance
Schmoop,3,FALSE,Fluff
Season/Series 01,3,FALSE,Meta 
Second-Hand Embarrassment,2,FALSE,Fluff
secret feelings,2,FALSE,Romance
Secret Identity,27,FALSE,Action
Secret Identity Reveal,3,FALSE,Action
Secret Relationship,9,FALSE,Romance
Secrets,3,FALSE,Dark
Selectively Mute Midoriya Izuku,3,TRUE,Fandom
Self-Discovery,3,FALSE,Mental Health
Self-Esteem Issues,5,FALSE,Mental Health
Self-Harm,15,FALSE,Mental Health
Self-Indulgent,3,FALSE,Mental Health
Self-Lubrication,3,FALSE,Sex
Semi-Public Sex,15,FALSE,Sex
Sensei | All For One is Midoriya Hisashi,9,TRUE,Fandom
Sensei | All For One is Midoriya Izuku's Parent,3,TRUE,Fandom
Sensei | All For One is Not Midoriya Hisashi,2,TRUE,Fandom
Serial Killers,2,FALSE,Dark
Serious Injuries,2,FALSE,Angst
seriously,7,FALSE,Meta 
Sex,4,FALSE,Sex
Sex Toys,7,FALSE,Sex
Sexting,4,FALSE,Sex
Sexual Abuse,3,FALSE,Abuse
Sexual Assault,4,FALSE,Abuse
Sexual Content,18,FALSE,Sex
Sexual Humor,2,FALSE,Sex
Sexual Tension,14,FALSE,Sex
Shameless Smut,3,FALSE,Sex
Sharing a Bed,17,FALSE,Romance
Sharing Clothes,4,FALSE,Romance
Sheriff Stilinski's Name is John,2,TRUE,Fandom
Shinsou Hitoshi is in Class 1-A,14,TRUE,Fandom
Shinsou Hitoshi Needs a Hug,2,TRUE,Fandom
Shinsou Hitoshi Replaces Mineta Minoru,18,TRUE,Fandom
Shotgunning,2,FALSE,Substance
Shower Sex,7,FALSE,Sex
Sibling Bonding,2,FALSE,Family
Sickfic,7,FALSE,Meta 
Sign Language,6,FALSE,Meta 
Silly,2,FALSE,Fluff
Singing,2,FALSE,Meta 
Single POV,2,FALSE,Meta 
Sirens,2,FALSE,Magic
Sirius Black Free from Azkaban,2,TRUE,Fandom
Sirius Black Lives,2,TRUE,Fandom
Size Kink,4,FALSE,Sex
Slash,5,FALSE,Romance
Slavery,3,FALSE,Dark
Sleepovers,3,FALSE,Fluff
Sleepy Bois Inc Angst,2,TRUE,Fandom
Sleepy Bois Inc as Family,9,TRUE,Fandom
Sleepy Bois Inc-centric,3,TRUE,Fandom
Sleepy Cuddles,3,FALSE,Fluff
Slice of Life,4,FALSE,Meta 
Slight Canon Divergence,2,FALSE,Canon
Slow Build,47,FALSE,Romance
Slow Burn,115,FALSE,Romance
Slow Romance,2,FALSE,Romance
Slow To Update,3,FALSE,Meta 
Slytherin Harry Potter,13,TRUE,Fandom
Slytherin Politics,4,TRUE,Fandom
Slytherin Ron Weasley,2,TRUE,Fandom
Slytherins Being Slytherins,4,TRUE,Fandom
Smart Harry,3,TRUE,Fandom
Smart Harry Potter,4,TRUE,Fandom
Smart Midoriya Izuku,10,TRUE,Fandom
Smoking,7,FALSE,Substance
Smut,32,FALSE,Sex
Snakes,3,FALSE,Magic
Snark,5,FALSE,Fluff
Snarky Draco Malfoy,3,TRUE,Fandom
so does Aizawa,2,TRUE,Fandom
So much angst,2,FALSE,Angst
SO MUCH FLUFF,4,FALSE,Fluff
Social Anxiety,2,FALSE,Mental Health
Social Media,15,FALSE,Meta 
Soft Bakugou Katsuki,9,TRUE,Fandom
Sokovia Accords,2,TRUE,Fandom
Some angst,2,FALSE,Angst
some violence,2,FALSE,Meta 
Somnophilia,4,FALSE,Sex
Sort Of,9,FALSE,Meta 
sorta - Freeform,2,FALSE,Meta 
Soul Bond,8,FALSE,Romance
Soulmarks,2,FALSE,Magic
Soulmate AU,3,FALSE,Alternate Universe
Soulmate-Identifying Marks,16,FALSE,Romance
Soulmates,17,FALSE,Romance
Soulmates AU,2,FALSE,Alternate Universe
Sounding,3,FALSE,Sex
Spanish Translation,6,FALSE,Meta 
Spanking,5,FALSE,Sex
Spark Stiles Stilinski,2,TRUE,Fandom
spiderson,2,TRUE,Fandom
Spideypool - Freeform,3,TRUE,Fandom
Spooning,3,FALSE,Romance
Stalking,5,FALSE,Angst
Stark Industries,2,TRUE,Fandom
Stark Tower,2,TRUE,Fandom
Steve Harrington-centric,2,TRUE,Fandom
Stilinski Family Feels,2,TRUE,Fandom
Strangers to Lovers,3,FALSE,Romance
Subdrop,3,FALSE,Sex
Subspace,2,FALSE,Sex
Suffering,2,FALSE,Angst
Sugar Daddy,4,FALSE,Romance
Suicidal Midoriya Izuku,6,TRUE,Fandom
Suicidal Thoughts,23,FALSE,Mental Health
Suicide,8,FALSE,Mental Health
Suicide Attempt,13,FALSE,Mental Health
Superfamily,3,FALSE,Family
Support Department Midoriya Izuku,2,TRUE,Fandom
Supportive Class 1-A (My Hero Academia),5,TRUE,Fandom
Suspense,3,FALSE,Angst
Swearing,11,FALSE,Meta 
Switching,7,FALSE,Sex
Tags Are Hard,2,FALSE,Meta 
Tags May Change,4,FALSE,Meta 
Takami Keigo | Hawks is a Little Shit,3,TRUE,Fandom
Tattoos,6,FALSE,Meta 
Teacher Park Jimin (BTS),2,TRUE,Fandom
Team as Family,11,FALSE,Family
Team Bonding,2,FALSE,Family
Team Cap is full of shit,3,FALSE,Fluff
Team Dynamics,4,FALSE,Family
team fic,2,FALSE,Meta 
Team Iron Man,2,TRUE,Fandom
Teamwork,2,FALSE,Family
Teasing,2,FALSE,Romance
Technoblade Hears Voices (Video Blogging RPF),2,TRUE,Fandom
Technoblade Needs a Hug (Video Blogging RPF),2,TRUE,Fandom
Teen Angst,2,FALSE,Angst
Teen Romance,2,FALSE,Romance
Telepathy,2,FALSE,Magic
Temporary Amnesia,4,FALSE,Angst
Temporary Character Death,10,TRUE,Fandom
Tenderness,2,FALSE,Romance
Tentacle Sex,2,FALSE,Sex
Terminal Illnesses,2,FALSE,Angst
Texting,10,FALSE,Meta 
The Alpha Pack,2,FALSE,Family
The Author Regrets Everything,2,FALSE,Meta 
The Author Regrets Nothing,4,FALSE,Meta 
The Avengers Are Good Bros,2,TRUE,Fandom
The Deathly Hallows,2,TRUE,Fandom
the softest and sweetest fire lord,2,TRUE,Fandom
Therapy,5,FALSE,Mental Health
thigh riding,2,FALSE,Sex
This Is Not Going To Go The Way You Think,2,TRUE,Fandom
This Is Why We Can't Have Nice Things,4,FALSE,Meta 
Threats of Rape/Non-Con,2,FALSE,Abuse
Threesome - F/M/M,2,FALSE,Sex
Threesome - M/M/M,2,FALSE,Sex
Tim Drake-centric,3,TRUE,Fandom
Time Loop,6,FALSE,Alternate Universe
Time Skips,2,FALSE,Meta 
Time Travel,62,FALSE,Alternate Universe
Time Travel Fix-It,24,FALSE,Alternate Universe
Time Travelling Harry Potter,2,TRUE,Fandom
time-travel,2,FALSE,Alternate Universe
Timeline What Timeline,3,FALSE,Meta 
Tired Aizawa Shouta | Eraserhead,3,TRUE,Fandom
Tired Midoriya Izuku,2,TRUE,Fandom
Toby Smith | Tubbo & TommyInnit Friendship,2,TRUE,Fandom
Todoroki Enji | Endeavor's Bad Parenting,13,TRUE,Fandom
Toga Himiko is Not a Villain,2,TRUE,Fandom
Tom Riddle is His Own Warning,2,TRUE,Fandom
Tom Riddle is Not Voldemort,2,TRUE,Fandom
Tom Riddle's Diary,2,TRUE,Fandom
TommyInnit Angst (Video Blogging RPF),3,TRUE,Fandom
TommyInnit Deserves Better (Video Blogging RPF),2,TRUE,Fandom
TommyInnit Needs a Break (Video Blogging RPF),2,TRUE,Fandom
TommyInnit Needs a Hug (Video Blogging RPF),4,TRUE,Fandom
TommyInnit-centric (Video Blogging RPF),5,TRUE,Fandom
Tony Angst,2,TRUE,Fandom
Tony Being Tony,2,TRUE,Fandom
Tony Feels,5,TRUE,Fandom
Tony Stark Acting as Peter Parker's Parental Figure,11,TRUE,Fandom
Tony Stark Feels,2,TRUE,Fandom
Tony Stark Has A Heart,22,TRUE,Fandom
Tony Stark Has Issues,5,TRUE,Fandom
Tony Stark Is a Good Bro,2,TRUE,Fandom
Tony Stark is Good With Kids,2,TRUE,Fandom
Tony Stark Needs a Hug,11,TRUE,Fandom
Tony-centric,2,TRUE,Fandom
Toogata Mirio Has One for All Quirk,3,TRUE,Fandom
Tooth-Rotting Fluff,4,FALSE,Fluff
Top Draco Malfoy,2,TRUE,Fandom
Top Hannibal,2,TRUE,Fandom
Top Harry,5,TRUE,Fandom
Top Jeon Jungkook,3,TRUE,Fandom
Top Will,2,TRUE,Fandom
Torture,16,FALSE,Abuse
Touch-Starved,4,FALSE,Angst
Touch-Starved TommyInnit (Video Blogging RPF),4,TRUE,Fandom
Traitor Monoma Neito,2,TRUE,Fandom
Translation Available,7,FALSE,Meta 
Trapped,2,FALSE,Angst
Trauma,8,FALSE,Abuse
Traumatized Midoriya Izuku,3,TRUE,Fandom
Traumatized TommyInnit (Video Blogging RPF),4,TRUE,Fandom
Triwizard Tournament,3,TRUE,Fandom
Tropes,2,FALSE,Meta 
Trust Issues,5,FALSE,Angst
Truth Spells,2,FALSE,Magic
Twisted and Fluffy Feelings,2,FALSE,Fluff
Twitter,7,FALSE,Other
Unconventional Families,2,FALSE,Family
Underage Drinking,13,FALSE,Substance
Undercover,3,FALSE,Action
Unhealthy Coping Mechanisms,5,FALSE,Mental Health
Unhealthy Relationships,10,FALSE,Dark
Unreliable Narrator,20,FALSE,Meta 
Unrequited Love,4,FALSE,Romance
Unresolved Sexual Tension,8,FALSE,Sex
Unsafe Sex,2,FALSE,Sex
Unspeakable Harry Potter,2,TRUE,Fandom
UST,7,FALSE,Romance
Vaginal Fingering,4,FALSE,Sex
Vaginal Sex,3,FALSE,Sex
Vecna is dead,2,TRUE,Fandom
Veela Draco Malfoy,3,TRUE,Fandom
Verbal Abuse,6,FALSE,Abuse
Verbal Humiliation,2,FALSE,Sex
Veritaserum,2,FALSE,Magic
Vibrators,2,FALSE,Sex
Vigilante Midoriya Izuku,15,TRUE,Fandom
Vigilante TommyInnit (Video Blogging RPF),2,TRUE,Fandom
Vigilantism,2,FALSE,Action
Villain Bakugou Katsuki,2,TRUE,Fandom
Villain Midoriya Hisashi,6,TRUE,Fandom
Villain Midoriya Izuku,8,TRUE,Fandom
Villain Todoroki Shouto,3,TRUE,Fandom
Violence,26,FALSE,Abuse
Virginity,2,FALSE,Sex
Vomiting,3,FALSE,Mental Health
Voyeurism,8,FALSE,Sex
Vulnerability,2,FALSE,Angst
Wall Sex,2,FALSE,Sex
Wandless Magic,2,FALSE,Magic
wanking,2,FALSE,Sex
War,3,FALSE,Angst
Werewolf Harry Potter,2,TRUE,Fandom
Werewolf Mates,3,FALSE,Magic
Werewolves,8,FALSE,Magic
Wholesome,2,FALSE,Fluff
whoops,2,FALSE,Meta 
Whump,14,FALSE,Angst
Wilbur Soot and Technoblade and TommyInnit are Siblings,4,TRUE,Fandom
Wilbur Soot and Technoblade are Siblings,2,TRUE,Fandom
Will's POV,2,TRUE,Fandom
Winged Midoriya Izuku,2,TRUE,Fandom
Winged Phil Watson (Video Blogging RPF),2,TRUE,Fandom
Wingfic,3,FALSE,Magic
Wings,2,FALSE,Magic
Witches,2,FALSE,Magic
Wizarding Politics (Harry Potter),3,TRUE,Fandom
wolfstar,7,TRUE,Fandom
Wordcount: Over 100.000,2,FALSE,Meta 
World Domination,2,FALSE,Dark
World War II,2,FALSE,Meta 
Worldbuilding,10,FALSE,Meta 
Wrong Number AU,3,FALSE,Alternate Universe
Yagi Toshinori | All Might Bashing,7,TRUE,Fandom
Yagi Toshinori | All Might Being an Asshole,2,TRUE,Fandom
Yagi Toshinori | All Might is a Bad Teacher,2,TRUE,Fandom
Yandere,3,TRUE,Fandom
yoonmin,2,FALSE,Meta 
You've been warned,3,FALSE,Meta 
Young Dazai Osamu (Bungou Stray Dogs),2,TRUE,Fandom
YouTube,2,FALSE,Meta 
Zhong Wen Fan Yi  | Translation in Chinese,6,FALSE,Meta 
Zuko (Avatar)-centric,2,TRUE,Fandom
Zuko Angst,3,TRUE,Fandom
Zuko is an Awkward Turtleduck,6,TRUE,Fandom
Zuko Joins The Gaang Early (Avatar),4,TRUE,Fandom